2026-08-15 00:03:14,352 [ERROR] LogOutputStream:75 - [STDERR_REDIRECT] 
2026-08-15 00:04:32,733 [INFO] Activator:176 - 


2026-08-15 00:04:32,734 [INFO] Activator:177 - !SESSION log4j initialized
2026-08-15 00:04:38,848 [INFO] LogOutputStream:77 - [STDOUT_REDIRECT] 
2026-08-15 00:04:39,758 [INFO] ApplicationProperties:184 - Using Application install path: C:\ST\STM32CubeIDE_1.18.0\STM32CubeIDE\plugins\com.st.stm32cube.common.mx_6.14.0.202502271554
2026-08-15 00:04:39,781 [INFO] DbMcusXml:78 - Set database path to: C:\ST\STM32CubeIDE_1.18.0\STM32CubeIDE\plugins\com.st.stm32cube.common.mx_6.14.0.202502271554\\db\/mcu/
2026-08-15 00:04:39,781 [INFO] ApiDb:274 - Set plugin database path to: C:\ST\STM32CubeIDE_1.18.0\STM32CubeIDE\plugins\com.st.stm32cube.common.mx_6.14.0.202502271554\\db\/plugins/boardmanager/
2026-08-15 00:04:39,781 [WARN] ApiDb:259 - Overriding images path with different value:  => C:\ST\STM32CubeIDE_1.18.0\STM32CubeIDE\plugins\com.st.stm32cube.common.mx_6.14.0.202502271554\\db\/plugins/mcufinder/images/
2026-08-15 00:04:39,794 [INFO] ApiDb:250 - Set database path to: C:\Users\Admin\.stmcufinder\plugins\mcufinder//mcu/
2026-08-15 00:04:39,794 [INFO] DbMcusAds:125 - Set database path to: C:\Users\Admin\.stmcufinder\plugins\mcufinder//mcu/
2026-08-15 00:04:39,794 [INFO] CrossReferenceDbSqlite:203 - Set database path to: C:\Users\Admin\.stmcufinder\plugins\mcufinder//mcu/cs/
2026-08-15 00:04:39,911 [INFO] RulesReader:64 - Compatibility file has been processed (301 Rules)
2026-08-15 00:04:40,009 [INFO] DbMcusXml:78 - Set database path to: C:\ST\STM32CubeIDE_1.18.0\STM32CubeIDE\plugins\com.st.stm32cube.common.mx_6.14.0.202502271554\\db\/mcu/
2026-08-15 00:04:40,009 [INFO] ApiDb:274 - Set plugin database path to: C:\ST\STM32CubeIDE_1.18.0\STM32CubeIDE\plugins\com.st.stm32cube.common.mx_6.14.0.202502271554\\db\/plugins/boardmanager/
2026-08-15 00:04:40,010 [INFO] ApiDb:261 - Set plugin images path to: C:\ST\STM32CubeIDE_1.18.0\STM32CubeIDE\plugins\com.st.stm32cube.common.mx_6.14.0.202502271554\\db\/plugins/mcufinder/images/
2026-08-15 00:04:40,010 [WARN] DbFile:41 - Overriding database path with different value: C:\Users\Admin\.stmcufinder\plugins\mcufinder/ => C:\Users\Admin\.stmcufinder\plugins\mcufinder
2026-08-15 00:04:40,010 [INFO] ApiDb:250 - Set database path to: C:\Users\Admin\.stmcufinder\plugins\mcufinder//mcu/
2026-08-15 00:04:40,011 [WARN] DbFile:41 - Overriding database path with different value: C:\Users\Admin\.stmcufinder\plugins\mcufinder/ => C:\Users\Admin\.stmcufinder\plugins\mcufinder
2026-08-15 00:04:40,011 [INFO] DbMcusAds:125 - Set database path to: C:\Users\Admin\.stmcufinder\plugins\mcufinder//mcu/
2026-08-15 00:04:40,011 [WARN] DbFile:41 - Overriding database path with different value: C:\Users\Admin\.stmcufinder\plugins\mcufinder/ => C:\Users\Admin\.stmcufinder\plugins\mcufinder
2026-08-15 00:04:40,011 [WARN] DbFile:41 - Overriding database path with different value: C:\Users\Admin\.stmcufinder\plugins\mcufinder/ => C:\Users\Admin\.stmcufinder\plugins\mcufinder
2026-08-15 00:04:40,011 [INFO] CrossReferenceDbSqlite:203 - Set database path to: C:\Users\Admin\.stmcufinder\plugins\mcufinder//mcu/cs/
2026-08-15 00:04:40,108 [INFO] MainPanel:272 - HeapMemory: 268435456
2026-08-15 00:04:40,275 [INFO] DbMcusXml:78 - Set database path to: C:\ST\STM32CubeIDE_1.18.0\STM32CubeIDE\plugins\com.st.stm32cube.common.mx_6.14.0.202502271554\\db\/mcu/
2026-08-15 00:04:40,275 [INFO] ApiDb:274 - Set plugin database path to: C:\ST\STM32CubeIDE_1.18.0\STM32CubeIDE\plugins\com.st.stm32cube.common.mx_6.14.0.202502271554\\db\/plugins/boardmanager/
2026-08-15 00:04:40,275 [INFO] ApiDb:261 - Set plugin images path to: C:\ST\STM32CubeIDE_1.18.0\STM32CubeIDE\plugins\com.st.stm32cube.common.mx_6.14.0.202502271554\\db\/plugins/mcufinder/images/
2026-08-15 00:04:40,275 [WARN] DbFile:41 - Overriding database path with different value: C:\Users\Admin\.stmcufinder\plugins\mcufinder/ => C:\Users\Admin\.stmcufinder\plugins\mcufinder
2026-08-15 00:04:40,275 [INFO] ApiDb:250 - Set database path to: C:\Users\Admin\.stmcufinder\plugins\mcufinder//mcu/
2026-08-15 00:04:40,275 [WARN] DbFile:41 - Overriding database path with different value: C:\Users\Admin\.stmcufinder\plugins\mcufinder/ => C:\Users\Admin\.stmcufinder\plugins\mcufinder
2026-08-15 00:04:40,275 [INFO] DbMcusAds:125 - Set database path to: C:\Users\Admin\.stmcufinder\plugins\mcufinder//mcu/
2026-08-15 00:04:40,275 [WARN] DbFile:41 - Overriding database path with different value: C:\Users\Admin\.stmcufinder\plugins\mcufinder/ => C:\Users\Admin\.stmcufinder\plugins\mcufinder
2026-08-15 00:04:40,275 [WARN] DbFile:41 - Overriding database path with different value: C:\Users\Admin\.stmcufinder\plugins\mcufinder/ => C:\Users\Admin\.stmcufinder\plugins\mcufinder
2026-08-15 00:04:40,275 [INFO] CrossReferenceDbSqlite:203 - Set database path to: C:\Users\Admin\.stmcufinder\plugins\mcufinder//mcu/cs/
2026-08-15 00:04:40,296 [INFO] ApplicationProperties:184 - Using Application install path: C:\ST\STM32CubeIDE_1.18.0\STM32CubeIDE\plugins\com.st.stm32cube.common.mx_6.14.0.202502271554
2026-08-15 00:04:40,296 [INFO] PluginManage:196 - Search for loadable plugins [exclusion list=, ]
2026-08-15 00:04:40,301 [INFO] PluginManage:310 - Check plugin analytics
2026-08-15 00:04:40,529 [INFO] AnalyticsPlugin:253 - Accepted Software Licenses: STM32CubeMX.6.9.2,STM32CubeMX.6.17.0
2026-08-15 00:04:40,529 [INFO] AnalyticsPlugin:255 - Accepted CMSIS Pack Licenses: 
2026-08-15 00:04:40,529 [INFO] AnalyticsPlugin:257 - Accepted Firmware Licenses: 
2026-08-15 00:04:40,534 [INFO] PluginManage:359 - Loaded plugin analytics (category:tool,tabindex:-1)
2026-08-15 00:04:40,534 [INFO] PluginManage:310 - Check plugin cadmodel
2026-08-15 00:04:40,547 [INFO] CADModel:105 - Init CAD model plugin
2026-08-15 00:04:40,547 [INFO] PluginManage:359 - Loaded plugin cadmodel (category:power,tabindex:5)
2026-08-15 00:04:40,549 [INFO] PluginManage:310 - Check plugin clock
2026-08-15 00:04:40,570 [INFO] PluginManage:359 - Loaded plugin clock (category:base,tabindex:2)
2026-08-15 00:04:40,570 [INFO] PluginManage:310 - Check plugin ddr
2026-08-15 00:04:40,576 [INFO] PluginManage:359 - Loaded plugin ddr (category:tool,tabindex:6)
2026-08-15 00:04:40,576 [INFO] PluginManage:310 - Check plugin filemanager
2026-08-15 00:04:40,787 [INFO] PluginManage:359 - Loaded plugin filemanager (category:base,tabindex:10)
2026-08-15 00:04:40,787 [INFO] PluginManage:310 - Check plugin ipmanager
2026-08-15 00:04:40,797 [INFO] PluginManage:359 - Loaded plugin ipmanager (category:base,tabindex:5)
2026-08-15 00:04:40,797 [INFO] PluginManage:310 - Check plugin lpbam
2026-08-15 00:04:40,811 [INFO] PluginManage:359 - Loaded plugin lpbam (category:base,tabindex:0)
2026-08-15 00:04:40,811 [INFO] PluginManage:310 - Check plugin memorymap
2026-08-15 00:04:40,831 [INFO] PluginManage:359 - Loaded plugin memorymap (category:base,tabindex:4)
2026-08-15 00:04:40,831 [INFO] PluginManage:310 - Check plugin pinoutandconfiguration
2026-08-15 00:04:40,847 [INFO] PluginManage:359 - Loaded plugin pinoutandconfiguration (category:base,tabindex:1)
2026-08-15 00:04:40,847 [INFO] PluginManage:310 - Check plugin pinoutconfig
2026-08-15 00:04:40,956 [WARN] SupportedApi:132 - Cannot load RTOS API schema: s4s-elt-must-match.1: The content of 'definitions' must match (annotation?, (simpleType | complexType)?, (unique | key | keyref)*)). A problem was found starting at: attribute.
2026-08-15 00:04:41,124 [INFO] PluginManage:359 - Loaded plugin pinoutconfig (category:base,tabindex:0)
2026-08-15 00:04:41,124 [INFO] PluginManage:310 - Check plugin power
2026-08-15 00:04:41,146 [INFO] PluginManage:359 - Loaded plugin power (category:power,tabindex:4)
2026-08-15 00:04:41,146 [INFO] PluginManage:310 - Check plugin projectmanager
2026-08-15 00:04:41,172 [INFO] PluginManage:359 - Loaded plugin projectmanager (category:projectmanager,tabindex:4)
2026-08-15 00:04:41,173 [INFO] PluginManage:310 - Check plugin rif
2026-08-15 00:04:41,183 [INFO] PluginManage:359 - Loaded plugin rif (category:base,tabindex:3)
2026-08-15 00:04:41,183 [INFO] PluginManage:310 - Check plugin thirdparty
2026-08-15 00:04:41,399 [WARN] IntegrityCheckThread:84 - waiting for thirdparty lock release [integrity check]
2026-08-15 00:04:41,399 [INFO] PluginManage:359 - Loaded plugin thirdparty (category:base,tabindex:-1)
2026-08-15 00:04:41,400 [INFO] IntegrityCheckThread:86 - entering critical section [integrity check]
2026-08-15 00:04:41,400 [INFO] PluginManage:310 - Check plugin tools
2026-08-15 00:04:41,400 [INFO] ThirdPartyUpdaterWithRetryManager:70 - Updater plugin not ready yet. [1/15]
2026-08-15 00:04:41,405 [INFO] PluginManage:359 - Loaded plugin tools (category:base,tabindex:7)
2026-08-15 00:04:41,405 [INFO] PluginManage:310 - Check plugin tutovideos
2026-08-15 00:04:41,684 [INFO] PluginManage:359 - Loaded plugin tutovideos (category:base,tabindex:-1)
2026-08-15 00:04:41,685 [INFO] PluginManage:310 - Check plugin updater
2026-08-15 00:04:41,711 [INFO] PluginManage:359 - Loaded plugin updater (category:base,tabindex:12)
2026-08-15 00:04:41,711 [INFO] PluginManage:310 - Check plugin userauth
2026-08-15 00:04:41,711 [INFO] UserAuth:118 - Init User Auth plugin
2026-08-15 00:04:41,719 [INFO] PluginManage:359 - Loaded plugin userauth (category:base,tabindex:14)
2026-08-15 00:04:41,720 [INFO] PluginManage:283 - PluginManage : Loaded plugins [18]
2026-08-15 00:04:41,990 [INFO] PinOutPanel:1589 - setPackage(No Configuration,No Configuration)
2026-08-15 00:04:42,113 [INFO] CADModel:165 - CPN selected for project level
2026-08-15 00:04:42,113 [INFO] CADModel:114 - Register for checkConnection events
2026-08-15 00:04:42,145 [INFO] IPUIPlugin:80 - create IPUIPlugin
2026-08-15 00:04:42,147 [INFO] PluginManager:220 - loadIPPluginJar : add adc
2026-08-15 00:04:42,150 [INFO] IPUIPlugin:80 - create IPUIPlugin
2026-08-15 00:04:42,150 [INFO] PluginManager:220 - loadIPPluginJar : add aes
2026-08-15 00:04:42,154 [INFO] IPUIPlugin:80 - create IPUIPlugin
2026-08-15 00:04:42,154 [INFO] PluginManager:220 - loadIPPluginJar : add can
2026-08-15 00:04:42,157 [INFO] IPUIPlugin:80 - create IPUIPlugin
2026-08-15 00:04:42,157 [INFO] PluginManager:220 - loadIPPluginJar : add comp
2026-08-15 00:04:42,161 [INFO] IPUIPlugin:80 - create IPUIPlugin
2026-08-15 00:04:42,161 [INFO] PluginManager:220 - loadIPPluginJar : add cryp
2026-08-15 00:04:42,161 [INFO] IPUIPlugin:80 - create IPUIPlugin
2026-08-15 00:04:42,161 [INFO] PluginManager:220 - loadIPPluginJar : add ddr_ctrl_phy
2026-08-15 00:04:42,172 [INFO] IPUIPlugin:80 - create IPUIPlugin
2026-08-15 00:04:42,172 [INFO] PluginManager:220 - loadIPPluginJar : add dfsdm
2026-08-15 00:04:42,178 [INFO] IPUIPlugin:80 - create IPUIPlugin
2026-08-15 00:04:42,180 [INFO] PluginManager:220 - loadIPPluginJar : add dma
2026-08-15 00:04:42,183 [INFO] IPUIPlugin:80 - create IPUIPlugin
2026-08-15 00:04:42,183 [INFO] PluginManager:220 - loadIPPluginJar : add dma3
2026-08-15 00:04:42,188 [INFO] IPUIPlugin:80 - create IPUIPlugin
2026-08-15 00:04:42,188 [INFO] PluginManager:220 - loadIPPluginJar : add extmemmanager
2026-08-15 00:04:42,191 [INFO] IPUIPlugin:80 - create IPUIPlugin
2026-08-15 00:04:42,191 [INFO] PluginManager:220 - loadIPPluginJar : add fatfs
2026-08-15 00:04:42,197 [INFO] IPUIPlugin:80 - create IPUIPlugin
2026-08-15 00:04:42,197 [INFO] PluginManager:220 - loadIPPluginJar : add fmc
2026-08-15 00:04:42,206 [INFO] IPUIPlugin:80 - create IPUIPlugin
2026-08-15 00:04:42,206 [INFO] PluginManager:220 - loadIPPluginJar : add freertos
2026-08-15 00:04:42,208 [INFO] IPUIPlugin:80 - create IPUIPlugin
2026-08-15 00:04:42,208 [INFO] PluginManager:220 - loadIPPluginJar : add genericplugin
2026-08-15 00:04:42,213 [INFO] IPUIPlugin:80 - create IPUIPlugin
2026-08-15 00:04:42,213 [INFO] PluginManager:220 - loadIPPluginJar : add gfxmmu
2026-08-15 00:04:42,222 [INFO] IPUIPlugin:80 - create IPUIPlugin
2026-08-15 00:04:42,222 [INFO] PluginManager:220 - loadIPPluginJar : add gic
2026-08-15 00:04:42,230 [INFO] IPUIPlugin:80 - create IPUIPlugin
2026-08-15 00:04:42,230 [INFO] PluginManager:220 - loadIPPluginJar : add gpio
2026-08-15 00:04:42,235 [INFO] IPUIPlugin:80 - create IPUIPlugin
2026-08-15 00:04:42,235 [INFO] PluginManager:220 - loadIPPluginJar : add gtzc
2026-08-15 00:04:42,240 [INFO] IPUIPlugin:80 - create IPUIPlugin
2026-08-15 00:04:42,241 [INFO] PluginManager:220 - loadIPPluginJar : add hash
2026-08-15 00:04:42,244 [INFO] IPUIPlugin:80 - create IPUIPlugin
2026-08-15 00:04:42,246 [INFO] PluginManager:220 - loadIPPluginJar : add i2c
2026-08-15 00:04:42,250 [INFO] IPUIPlugin:80 - create IPUIPlugin
2026-08-15 00:04:42,250 [INFO] PluginManager:220 - loadIPPluginJar : add i2s
2026-08-15 00:04:42,254 [INFO] IPUIPlugin:80 - create IPUIPlugin
2026-08-15 00:04:42,256 [INFO] PluginManager:220 - loadIPPluginJar : add i3c
2026-08-15 00:04:42,266 [INFO] IPUIPlugin:80 - create IPUIPlugin
2026-08-15 00:04:42,266 [INFO] PluginManager:220 - loadIPPluginJar : add ipddr
2026-08-15 00:04:42,282 [INFO] IPUIPlugin:80 - create IPUIPlugin
2026-08-15 00:04:42,282 [INFO] PluginManager:220 - loadIPPluginJar : add linkedlist
2026-08-15 00:04:42,288 [INFO] IPUIPlugin:80 - create IPUIPlugin
2026-08-15 00:04:42,288 [INFO] PluginManager:220 - loadIPPluginJar : add lorawan
2026-08-15 00:04:42,291 [INFO] IPUIPlugin:80 - create IPUIPlugin
2026-08-15 00:04:42,293 [INFO] PluginManager:220 - loadIPPluginJar : add ltdc
2026-08-15 00:04:42,303 [INFO] IPUIPlugin:80 - create IPUIPlugin
2026-08-15 00:04:42,303 [INFO] PluginManager:220 - loadIPPluginJar : add mdma
2026-08-15 00:04:42,310 [INFO] IPUIPlugin:80 - create IPUIPlugin
2026-08-15 00:04:42,310 [INFO] PluginManager:220 - loadIPPluginJar : add nvic
2026-08-15 00:04:42,315 [INFO] IPUIPlugin:80 - create IPUIPlugin
2026-08-15 00:04:42,315 [INFO] PluginManager:220 - loadIPPluginJar : add opamp
2026-08-15 00:04:42,322 [INFO] IPUIPlugin:80 - create IPUIPlugin
2026-08-15 00:04:42,324 [INFO] PluginManager:220 - loadIPPluginJar : add openamp
2026-08-15 00:04:42,329 [INFO] IPUIPlugin:80 - create IPUIPlugin
2026-08-15 00:04:42,329 [INFO] PluginManager:220 - loadIPPluginJar : add pdm2pcm
2026-08-15 00:04:42,337 [INFO] IPUIPlugin:80 - create IPUIPlugin
2026-08-15 00:04:42,341 [INFO] PluginManager:220 - loadIPPluginJar : add plateformsettings
2026-08-15 00:04:42,342 [INFO] IPUIPlugin:80 - create IPUIPlugin
2026-08-15 00:04:42,342 [INFO] PluginManager:220 - loadIPPluginJar : add quadspi
2026-08-15 00:04:42,342 [INFO] IPUIPlugin:80 - create IPUIPlugin
2026-08-15 00:04:42,346 [INFO] PluginManager:220 - loadIPPluginJar : add radio
2026-08-15 00:04:42,351 [INFO] IPUIPlugin:80 - create IPUIPlugin
2026-08-15 00:04:42,352 [INFO] PluginManager:220 - loadIPPluginJar : add resmgrutility
2026-08-15 00:04:42,354 [INFO] IPUIPlugin:80 - create IPUIPlugin
2026-08-15 00:04:42,354 [INFO] PluginManager:220 - loadIPPluginJar : add sai
2026-08-15 00:04:42,360 [INFO] IPUIPlugin:80 - create IPUIPlugin
2026-08-15 00:04:42,360 [INFO] PluginManager:220 - loadIPPluginJar : add spi
2026-08-15 00:04:42,367 [INFO] IPUIPlugin:80 - create IPUIPlugin
2026-08-15 00:04:42,367 [INFO] PluginManager:220 - loadIPPluginJar : add stm32_wpan
2026-08-15 00:04:42,370 [INFO] IPUIPlugin:80 - create IPUIPlugin
2026-08-15 00:04:42,371 [INFO] PluginManager:220 - loadIPPluginJar : add tim
2026-08-15 00:04:42,371 [INFO] IPUIPlugin:80 - create IPUIPlugin
2026-08-15 00:04:42,371 [INFO] PluginManager:220 - loadIPPluginJar : add touchsensing
2026-08-15 00:04:42,376 [INFO] IPUIPlugin:80 - create IPUIPlugin
2026-08-15 00:04:42,376 [INFO] PluginManager:220 - loadIPPluginJar : add tracer_emb
2026-08-15 00:04:42,380 [INFO] IPUIPlugin:80 - create IPUIPlugin
2026-08-15 00:04:42,380 [INFO] PluginManager:220 - loadIPPluginJar : add ts
2026-08-15 00:04:42,382 [INFO] IPUIPlugin:80 - create IPUIPlugin
2026-08-15 00:04:42,382 [INFO] PluginManager:220 - loadIPPluginJar : add tsc
2026-08-15 00:04:42,382 [INFO] IPUIPlugin:80 - create IPUIPlugin
2026-08-15 00:04:42,385 [INFO] PluginManager:220 - loadIPPluginJar : add ucpd
2026-08-15 00:04:42,387 [INFO] IPUIPlugin:80 - create IPUIPlugin
2026-08-15 00:04:42,387 [INFO] PluginManager:220 - loadIPPluginJar : add usart
2026-08-15 00:04:42,391 [INFO] IPUIPlugin:80 - create IPUIPlugin
2026-08-15 00:04:42,391 [INFO] PluginManager:220 - loadIPPluginJar : add usbx
2026-08-15 00:04:42,537 [FATAL] Updater:351 - Updater called before beeing initialized
2026-08-15 00:04:42,561 [INFO] RulesReader:64 - Compatibility file has been processed (301 Rules)
2026-08-15 00:04:42,573 [INFO] RulesReader:64 - Compatibility file has been processed (301 Rules)
2026-08-15 00:04:42,582 [INFO] CADModel:165 - CPN selected for project level
2026-08-15 00:04:42,582 [INFO] CADModel:114 - Register for checkConnection events
2026-08-15 00:04:42,582 [FATAL] Updater:351 - Updater called before beeing initialized
2026-08-15 00:04:42,582 [ERROR] CADModel:125 - Updater not yet initialized, retry later 
2026-08-15 00:04:42,740 [FATAL] Updater:351 - Updater called before beeing initialized
2026-08-15 00:04:42,742 [INFO] CADModel:165 - CPN selected for project level
2026-08-15 00:04:42,742 [INFO] CADModel:114 - Register for checkConnection events
2026-08-15 00:04:42,742 [FATAL] Updater:351 - Updater called before beeing initialized
2026-08-15 00:04:42,742 [ERROR] CADModel:125 - Updater not yet initialized, retry later 
2026-08-15 00:04:42,744 [FATAL] Updater:351 - Updater called before beeing initialized
2026-08-15 00:04:42,861 [FATAL] Updater:351 - Updater called before beeing initialized
2026-08-15 00:04:42,868 [INFO] DbMcusAds:53 - JSON generation date=Wed Jul 15 16:44:54 ICT 2026 (1784108694001)
2026-08-15 00:04:42,868 [FATAL] Updater:351 - Updater called before beeing initialized
2026-08-15 00:04:42,919 [WARN] DetailPanel:346 - Failed to get advertising image, set to default
2026-08-15 00:04:43,242 [FATAL] Updater:351 - Updater called before beeing initialized
2026-08-15 00:04:43,246 [FATAL] Updater:351 - Updater called before beeing initialized
2026-08-15 00:04:43,246 [FATAL] Updater:351 - Updater called before beeing initialized
2026-08-15 00:04:43,246 [WARN] DetailPanel:346 - Failed to get advertising image, set to default
2026-08-15 00:04:43,246 [FATAL] Updater:351 - Updater called before beeing initialized
2026-08-15 00:04:43,304 [ERROR] Updater:1198 - MainUpdater not yet initialized. External WinMGr cannot be set.
2026-08-15 00:04:43,306 [INFO] Updater:1134 - Updater Version found : 6.14.0
2026-08-15 00:04:43,333 [INFO] ApplicationProperties:184 - Using Application install path: C:\ST\STM32CubeIDE_1.18.0\STM32CubeIDE\plugins\com.st.stm32cube.common.mx_6.14.0.202502271554
2026-08-15 00:04:43,829 [INFO] MainUpdater:2872 - connection check result : 10
2026-08-15 00:04:43,830 [INFO] MainUpdater:289 - Updater Check For Update Now.
2026-08-15 00:04:43,830 [INFO] MicroXplorer:498 - Change Database Version : DB.6.0.140
2026-08-15 00:04:43,834 [INFO] McuFinderGlobals:63 - Set McuFinder mode to 2 (CubeIDE integrated)
2026-08-15 00:04:43,834 [INFO] UserAuth:486 - Internet connection configuration mode: 1
2026-08-15 00:04:43,870 [INFO] JxBrowserEngine:152 - Initiate JxBrowser Engine with user profile folder
2026-08-15 00:04:44,048 [INFO] CheckServerUpdateThread:120 - End of CheckServer Thread
2026-08-15 00:04:45,220 [WARN] PackLoader:240 - Cannot read IP mode file for STMicroelectronics.X-CUBE-AZRTOS-H7.3.5.0
2026-08-15 00:04:45,257 [WARN] PackLoader:240 - Cannot read IP mode file for STMicroelectronics.FP-SNS-MOTENVWB1.1.4.0
2026-08-15 00:04:45,279 [WARN] PackLoader:240 - Cannot read IP mode file for STMicroelectronics.FP-ATR-ASTRA1.2.0.3
2026-08-15 00:04:45,291 [WARN] PackLoader:240 - Cannot read IP mode file for STMicroelectronics.FP-ATR-ASTRA1.2.0.2
2026-08-15 00:04:45,303 [WARN] PackLoader:240 - Cannot read IP mode file for STMicroelectronics.FP-ATR-ASTRA1.2.0.1
2026-08-15 00:04:45,328 [ERROR] Engine:466 - C:\Users\Admin\.stm32cubemx\thirdparties\pdsc\STMicroelectronics.X-CUBE-SMBUS.2.1.1.pdsc: PDSC version is not supported
2026-08-15 00:04:45,339 [WARN] PackLoader:240 - Cannot read IP mode file for STMicroelectronics.X-CUBE-SMBUS.2.1.0
2026-08-15 00:04:45,352 [WARN] PackLoader:240 - Cannot read IP mode file for STMicroelectronics.X-CUBE-ST60.1.0.0
2026-08-15 00:04:45,461 [WARN] PackLoader:240 - Cannot read IP mode file for STMicroelectronics.X-CUBE-AZRTOS-F7.1.1.0
2026-08-15 00:04:45,481 [ERROR] Engine:466 - C:\Users\Admin\.stm32cubemx\thirdparties\pdsc\STMicroelectronics.X-CUBE-FREERTOS.1.6.0.pdsc: PDSC version is not supported
2026-08-15 00:04:45,499 [ERROR] Engine:466 - C:\Users\Admin\.stm32cubemx\thirdparties\pdsc\STMicroelectronics.FP-SNS-MOTENV1.5.1.0.pdsc: PDSC version is not supported
2026-08-15 00:04:45,557 [WARN] PackLoader:240 - Cannot read IP mode file for STMicroelectronics.X-CUBE-AZRTOS-H7RS.1.3.0
2026-08-15 00:04:45,652 [WARN] PackLoader:240 - Cannot read IP mode file for STMicroelectronics.FP-SNS-FLIGHT1.5.0.2
2026-08-15 00:04:45,736 [WARN] PackLoader:240 - Cannot read IP mode file for Infineon.AIROC-Wi-Fi-Bluetooth-STM32.1.7.0
2026-08-15 00:04:45,755 [INFO] WebApp:169 - Instantiating new browser for Auth
2026-08-15 00:04:45,797 [WARN] PackLoader:240 - Cannot read IP mode file for STMicroelectronics.X-CUBE-AZRTOS-H7.3.4.0
2026-08-15 00:04:45,826 [WARN] PackLoader:240 - Cannot read IP mode file for STMicroelectronics.X-CUBE-DISPLAY.3.0.0
2026-08-15 00:04:45,865 [WARN] PackLoader:240 - Cannot read IP mode file for STMicroelectronics.X-CUBE-GNSS1.7.1.1
2026-08-15 00:04:45,888 [ERROR] Engine:466 - C:\Users\Admin\.stm32cubemx\thirdparties\pdsc\STMicroelectronics.FP-SNS-MOTENVWB1.1.5.0.pdsc: PDSC version is not supported
2026-08-15 00:04:45,902 [WARN] PackLoader:240 - Cannot read IP mode file for STMicroelectronics.X-CUBE-BLE1.7.0.0
2026-08-15 00:04:45,941 [WARN] PackLoader:240 - Cannot read IP mode file for STMicroelectronics.X-CUBE-BLEMGR.4.0.0
2026-08-15 00:04:45,961 [WARN] PackLoader:240 - Cannot read IP mode file for STMicroelectronics.X-CUBE-ST60.1.1.0
2026-08-15 00:04:45,983 [WARN] PackLoader:240 - Cannot read IP mode file for emotas.I-CUBE-CANOPEN.1.3.0
2026-08-15 00:04:45,990 [ERROR] Engine:466 - C:\Users\Admin\.stm32cubemx\thirdparties\pdsc\STMicroelectronics.X-CUBE-WBA.1.1.0.pdsc: PDSC version is not supported
2026-08-15 00:04:46,006 [WARN] PackLoader:240 - Cannot read IP mode file for STMicroelectronics.X-CUBE-GNSS1.7.1.0
2026-08-15 00:04:46,029 [WARN] ConditionMgr:438 - getConditionDescription Invalid condition id : Cortex-A Device cause : null
2026-08-15 00:04:46,072 [WARN] ConditionMgr:1044 - genDependencies : Invalid condition id : Cortex-A Device cause : null
2026-08-15 00:04:46,072 [WARN] ConditionMgr:1044 - genDependencies : Invalid condition id : Cortex-A Device cause : null
2026-08-15 00:04:46,073 [WARN] ConditionMgr:1044 - genDependencies : Invalid condition id : Cortex-A Device cause : null
2026-08-15 00:04:46,089 [WARN] PackLoader:240 - Cannot read IP mode file for STMicroelectronics.X-CUBE-AI.10.0.0
2026-08-15 00:04:46,097 [ERROR] Engine:466 - C:\Users\Admin\.stm32cubemx\thirdparties\pdsc\STMicroelectronics.FP-SNS-STBOX1.2.1.0.pdsc: PDSC version is not supported
2026-08-15 00:04:46,117 [WARN] PackLoader:240 - Cannot read IP mode file for STMicroelectronics.FP-SNS-FLIGHT1.5.1.0
2026-08-15 00:04:46,230 [WARN] PackLoader:240 - Cannot read IP mode file for STMicroelectronics.X-CUBE-MEMS1.11.1.0
2026-08-15 00:04:46,700 [INFO] LogOutputStream:77 - [STDOUT_REDIRECT] 1 : Invalid condition id : UX_CORESTACK_Condition cause : null
2026-08-15 00:04:46,702 [INFO] LogOutputStream:77 - [STDOUT_REDIRECT] 1 : Invalid condition id : UX_CORESTACK_Condition cause : null
2026-08-15 00:04:46,706 [INFO] LogOutputStream:77 - [STDOUT_REDIRECT] 1 : Invalid condition id : UX_CORESTACK_Condition cause : null
2026-08-15 00:04:46,709 [INFO] LogOutputStream:77 - [STDOUT_REDIRECT] 1 : Invalid condition id : UX_CORESTACK_Condition cause : null
2026-08-15 00:04:46,714 [INFO] LogOutputStream:77 - [STDOUT_REDIRECT] 1 : Invalid condition id : UX_CORESTACK_Condition cause : null
2026-08-15 00:04:46,721 [WARN] PackLoader:240 - Cannot read IP mode file for STMicroelectronics.X-CUBE-AZRTOS-WL.2.0.0
2026-08-15 00:04:46,736 [WARN] PackLoader:240 - Cannot read IP mode file for STMicroelectronics.FP-SNS-MOTENV1.5.0.0
2026-08-15 00:04:46,809 [WARN] PackLoader:240 - Cannot read IP mode file for STMicroelectronics.X-CUBE-AZRTOS-H7RS.1.2.0
2026-08-15 00:04:46,842 [WARN] PackLoader:240 - Cannot read IP mode file for WES.I-CUBE-Cesium.1.3.0
2026-08-15 00:04:46,860 [WARN] PackLoader:240 - Cannot read IP mode file for STMicroelectronics.X-CUBE-BLE2.3.3.0
2026-08-15 00:04:46,899 [WARN] PackLoader:240 - Cannot read IP mode file for STMicroelectronics.X-CUBE-BLE1.7.1.0
2026-08-15 00:04:46,908 [ERROR] Engine:466 - C:\Users\Admin\.stm32cubemx\thirdparties\pdsc\STMicroelectronics.X-CUBE-FREERTOS.1.4.0.pdsc: PDSC version is not supported
2026-08-15 00:04:46,925 [WARN] PackLoader:240 - Cannot read IP mode file for STMicroelectronics.X-CUBE-EEPRMA1.5.2.0
2026-08-15 00:04:46,933 [ERROR] Engine:466 - C:\Users\Admin\.stm32cubemx\thirdparties\pdsc\STMicroelectronics.X-CUBE-ST67W61.1.1.0.pdsc: PDSC version is not supported
2026-08-15 00:04:46,939 [ERROR] Engine:466 - C:\Users\Admin\.stm32cubemx\thirdparties\pdsc\STMicroelectronics.FP-SNS-STAIOTCFT.1.1.0.pdsc: PDSC version is not supported
2026-08-15 00:04:47,065 [WARN] PackLoader:240 - Cannot read IP mode file for STMicroelectronics.X-CUBE-MEMS1.12.0.0
2026-08-15 00:04:47,472 [WARN] PackLoader:240 - Cannot read IP mode file for STMicroelectronics.X-CUBE-MEMS1.11.2.0
2026-08-15 00:04:47,789 [WARN] PackLoader:240 - Cannot read IP mode file for STMicroelectronics.X-CUBE-AZRTOS-G0.1.1.0
2026-08-15 00:04:47,811 [WARN] PackLoader:240 - Cannot read IP mode file for STMicroelectronics.X-CUBE-NFC4.3.0.0
2026-08-15 00:04:47,838 [WARN] PackLoader:240 - Cannot read IP mode file for EmbeddedOffice.I-CUBE-FS-RTOS.1.0.1
2026-08-15 00:04:47,852 [WARN] PackLoader:240 - Cannot read IP mode file for STMicroelectronics.X-CUBE-WB05N.2.0.0
2026-08-15 00:04:47,864 [WARN] PackLoader:240 - Cannot read IP mode file for STMicroelectronics.FP-ATR-SIGFOX1.3.2.0
2026-08-15 00:04:47,877 [WARN] PackLoader:240 - Cannot read IP mode file for STMicroelectronics.X-CUBE-EEPRMA1.5.1.0
2026-08-15 00:04:47,887 [ERROR] Engine:466 - C:\Users\Admin\.stm32cubemx\thirdparties\pdsc\STMicroelectronics.X-CUBE-FREERTOS.1.5.0.pdsc: PDSC version is not supported
2026-08-15 00:04:47,917 [WARN] PackLoader:240 - Cannot read IP mode file for ITTIA_DB.I-CUBE-ITTIADB.8.9.0
2026-08-15 00:04:47,932 [WARN] PackLoader:240 - Cannot read IP mode file for STMicroelectronics.X-CUBE-NFC6.3.2.0
2026-08-15 00:04:47,949 [WARN] PackLoader:240 - Cannot read IP mode file for STMicroelectronics.X-CUBE-ST67W61.1.0.0
2026-08-15 00:04:47,961 [WARN] PackLoader:240 - Cannot read IP mode file for STMicroelectronics.X-CUBE-AI.10.2.1
2026-08-15 00:04:47,976 [WARN] PackLoader:240 - Cannot read IP mode file for STMicroelectronics.X-CUBE-AI.10.2.0
2026-08-15 00:04:48,057 [WARN] PackLoader:240 - Cannot read IP mode file for STMicroelectronics.X-CUBE-MEMS1.12.1.0
2026-08-15 00:04:48,263 [WARN] PackLoader:240 - Cannot read IP mode file for SEGGER.I-CUBE-embOS.1.3.1
2026-08-15 00:04:48,325 [WARN] PackLoader:240 - Cannot read IP mode file for STMicroelectronics.X-CUBE-ALGOBUILD.1.4.0
2026-08-15 00:04:48,410 [WARN] PackLoader:240 - Cannot read IP mode file for STMicroelectronics.X-CUBE-MEMS1.11.3.0
2026-08-15 00:04:48,897 [WARN] PackLoader:240 - Cannot read IP mode file for STMicroelectronics.X-CUBE-NFC13.1.0.0
2026-08-15 00:04:48,913 [WARN] PackLoader:240 - Cannot read IP mode file for STMicroelectronics.X-CUBE-PM33A1.1.0.0
2026-08-15 00:04:48,949 [WARN] PackLoader:240 - Cannot read IP mode file for STMicroelectronics.X-CUBE-AZRTOS-F4.1.1.0
2026-08-15 00:04:48,962 [WARN] PackLoader:240 - Cannot read IP mode file for Avnet-IotConnect.X-CUBE-IoTC-DA16k-PMOD.1.0.0
2026-08-15 00:04:48,986 [ERROR] Engine:466 - C:\Users\Admin\.stm32cubemx\thirdparties\pdsc\STMicroelectronics.X-CUBE-IPS.3.2.0.pdsc: PDSC version is not supported
2026-08-15 00:04:48,998 [WARN] PackLoader:240 - Cannot read IP mode file for STMicroelectronics.eDS-WB_DPC_TT-BIDIR.2.1.1
2026-08-15 00:04:49,017 [WARN] PackLoader:240 - Cannot read IP mode file for STMicroelectronics.X-CUBE-NFC12.1.0.0
2026-08-15 00:04:49,046 [WARN] PackLoader:240 - Cannot read IP mode file for STMicroelectronics.X-CUBE-AZRTOS-L5.2.0.0
2026-08-15 00:04:49,063 [WARN] PackLoader:240 - Cannot read IP mode file for STMicroelectronics.X-CUBE-NFC6.3.1.0
2026-08-15 00:04:49,078 [WARN] PackLoader:240 - Cannot read IP mode file for STMicroelectronics.X-CUBE-ALGOBUILD.1.5.0
2026-08-15 00:04:49,093 [WARN] PackLoader:240 - Cannot read IP mode file for STMicroelectronics.X-CUBE-DPower.1.2.0
2026-08-15 00:04:49,104 [WARN] PackLoader:240 - Cannot read IP mode file for STMicroelectronics.eDS-WB_DPC_VIENNA.1.2.0
2026-08-15 00:04:49,173 [WARN] PackLoader:240 - Cannot read IP mode file for STMicroelectronics.X-CUBE-MEMS1.13.0.0
2026-08-15 00:04:49,316 [WARN] PackLoader:240 - Cannot read IP mode file for STMicroelectronics.eDS-WB_DPC_3PH2L-BIDIR.1.1.1
2026-08-15 00:04:49,328 [ERROR] Engine:466 - C:\Users\Admin\.stm32cubemx\thirdparties\pdsc\STMicroelectronics.X-CUBE-ST67W61.1.3.0.pdsc: PDSC version is not supported
2026-08-15 00:04:49,342 [WARN] PackLoader:240 - Cannot read IP mode file for STMicroelectronics.X-CUBE-FREERTOS.1.3.1
2026-08-15 00:04:49,356 [WARN] PackLoader:240 - Cannot read IP mode file for STMicroelectronics.X-CUBE-FREERTOS.1.3.0
2026-08-15 00:04:49,373 [WARN] PackLoader:240 - Cannot read IP mode file for STMicroelectronics.X-CUBE-NFC7.1.0.1
2026-08-15 00:04:49,388 [WARN] PackLoader:240 - Cannot read IP mode file for STMicroelectronics.X-CUBE-TOUCHGFX.4.26.0
2026-08-15 00:04:49,396 [INFO] WebApp:463 - Apply proxy settings
2026-08-15 00:04:49,396 [WARN] PackLoader:240 - Cannot read IP mode file for STMicroelectronics.X-CUBE-TOUCHGFX.4.26.1
2026-08-15 00:04:49,396 [INFO] WebApp:548 - Chromium requires no authentication
2026-08-15 00:04:49,410 [WARN] PackLoader:240 - Cannot read IP mode file for STMicroelectronics.FP-SNS-STAIOTCFT.1.0.0
2026-08-15 00:04:49,424 [WARN] PackLoader:240 - Cannot read IP mode file for STMicroelectronics.X-CUBE-DPower.1.3.0
2026-08-15 00:04:49,426 [INFO] WebApp:491 - Direct internet connection detected
2026-08-15 00:04:49,463 [WARN] ConditionMgr:438 - getConditionDescription Invalid condition id : LAN8742 Phy interface Condition cause : null
2026-08-15 00:04:49,464 [WARN] PackLoader:240 - Cannot read IP mode file for STMicroelectronics.X-CUBE-AZRTOS-L4.2.0.0
2026-08-15 00:04:49,466 [WARN] ConditionMgr:1044 - genDependencies : Invalid condition id : LAN8742 Phy interface Condition cause : null
2026-08-15 00:04:49,467 [WARN] ConditionMgr:1044 - genDependencies : Invalid condition id : LAN8742 Phy interface Condition cause : null
2026-08-15 00:04:49,468 [WARN] ConditionMgr:1044 - genDependencies : Invalid condition id : LAN8742 Phy interface Condition cause : null
2026-08-15 00:04:49,484 [WARN] PackLoader:240 - Cannot read IP mode file for STMicroelectronics.X-CUBE-SFXS2LP1.4.0.0
2026-08-15 00:04:49,497 [WARN] PackLoader:240 - Cannot read IP mode file for STMicroelectronics.X-CUBE-WB05N.2.1.0
2026-08-15 00:04:49,506 [ERROR] Engine:466 - C:\Users\Admin\.stm32cubemx\thirdparties\pdsc\STMicroelectronics.X-CUBE-ST67W61.1.2.0.pdsc: PDSC version is not supported
2026-08-15 00:04:49,526 [INFO] WebApp:894 - Register for checkConnection events
2026-08-15 00:04:49,527 [INFO] WebApp:463 - Apply proxy settings
2026-08-15 00:04:49,527 [INFO] WebApp:548 - Chromium requires no authentication
2026-08-15 00:04:49,528 [INFO] WebApp:491 - Direct internet connection detected
2026-08-15 00:04:49,546 [WARN] PackLoader:240 - Cannot read IP mode file for STMicroelectronics.X-CUBE-AZRTOS-H7.3.3.0
2026-08-15 00:04:49,574 [WARN] PackLoader:240 - Cannot read IP mode file for STMicroelectronics.X-CUBE-BLEMGR.4.1.0
2026-08-15 00:04:49,610 [WARN] ConditionMgr:438 - getConditionDescription Invalid condition id : UX DEVICE CLASS RTOS Condition cause : null
2026-08-15 00:04:49,611 [WARN] ConditionMgr:438 - getConditionDescription Invalid condition id : UX DEVICE CLASS RTOS Condition cause : null
2026-08-15 00:04:49,614 [WARN] PackLoader:240 - Cannot read IP mode file for STMicroelectronics.X-CUBE-AZRTOS-WB.2.0.0
2026-08-15 00:04:49,615 [WARN] ConditionMgr:1044 - genDependencies : Invalid condition id : UX DEVICE CLASS RTOS Condition cause : null
2026-08-15 00:04:49,615 [WARN] ConditionMgr:1044 - genDependencies : Invalid condition id : UX DEVICE CLASS RTOS Condition cause : null
2026-08-15 00:04:49,616 [WARN] ConditionMgr:1044 - genDependencies : Invalid condition id : UX DEVICE CLASS RTOS Condition cause : null
2026-08-15 00:04:49,617 [WARN] ConditionMgr:1044 - genDependencies : Invalid condition id : UX DEVICE CLASS RTOS Condition cause : null
2026-08-15 00:04:49,617 [WARN] ConditionMgr:1044 - genDependencies : Invalid condition id : UX DEVICE CLASS RTOS Condition cause : null
2026-08-15 00:04:49,628 [WARN] PackLoader:240 - Cannot read IP mode file for STMicroelectronics.X-CUBE-GNSS1.7.0.1
2026-08-15 00:04:49,636 [WARN] PackLoader:240 - Cannot read IP mode file for STMicroelectronics.X-CUBE-TOUCHGFX.4.25.0
2026-08-15 00:04:49,649 [WARN] PackLoader:240 - Cannot read IP mode file for STMicroelectronics.FP-SNS-STBOX1.2.0.0
2026-08-15 00:04:49,667 [WARN] PackLoader:240 - Cannot read IP mode file for STMicroelectronics.X-CUBE-STSE01.2.0.0
2026-08-15 00:04:49,694 [WARN] PackLoader:240 - Cannot read IP mode file for STMicroelectronics.X-CUBE-SUBG2.5.0.0
2026-08-15 00:04:49,742 [WARN] PackLoader:240 - Cannot read IP mode file for STMicroelectronics.X-CUBE-AZRTOS-H7RS.1.1.0
2026-08-15 00:04:49,758 [WARN] PackLoader:240 - Cannot read IP mode file for Cesanta.I-CUBE-Mongoose.7.13.0
2026-08-15 00:04:49,784 [WARN] PackLoader:240 - Cannot read IP mode file for STMicroelectronics.X-CUBE-AZRTOS-G4.2.0.0
2026-08-15 00:04:49,812 [WARN] PackLoader:240 - Cannot read IP mode file for STMicroelectronics.X-CUBE-NFC7.2.0.0
2026-08-15 00:04:49,834 [WARN] PackLoader:240 - Cannot read IP mode file for STMicroelectronics.X-CUBE-IPS.3.1.0
2026-08-15 00:04:49,853 [ERROR] Engine:466 - C:\Users\Admin\.stm32cubemx\thirdparties\pdsc\STMicroelectronics.X-CUBE-BLEMGR.4.2.0.pdsc: PDSC version is not supported
2026-08-15 00:04:49,859 [WARN] PackLoader:240 - Cannot read IP mode file for STMicroelectronics.X-CUBE-TOUCHGFX.4.24.2
2026-08-15 00:04:49,873 [WARN] PackLoader:240 - Cannot read IP mode file for STMicroelectronics.X-CUBE-STSE01.1.0.0
2026-08-15 00:04:49,884 [WARN] PackLoader:240 - Cannot read IP mode file for portGmbH.I-Cube-SoM-uGOAL.1.1.0
2026-08-15 00:04:49,911 [WARN] PackLoader:240 - Cannot read IP mode file for STMicroelectronics.X-CUBE-AZRTOS-H7RS.1.0.0
2026-08-15 00:04:49,940 [WARN] PackLoader:240 - Cannot read IP mode file for STMicroelectronics.X-CUBE-TOF1.3.4.2
2026-08-15 00:04:49,976 [WARN] PackLoader:240 - Cannot read IP mode file for STMicroelectronics.X-CUBE-TOF1.3.4.3
2026-08-15 00:04:49,993 [INFO] ThirdParty:978 - Integrity check success = true
2026-08-15 00:04:49,994 [INFO] IntegrityCheckThread:100 - exiting critical section [integrity check]
2026-08-15 00:04:49,994 [INFO] IntegrityCheckThread:103 - End integrity checks thread
2026-08-15 00:04:50,199 [INFO] WebApp:191 - Connection restablished
2026-08-15 00:04:50,342 [INFO] WebApp:225 - Starting web application
2026-08-15 00:04:50,343 [INFO] WebApp:593 - Web application path used C:\ST\STM32CubeIDE_1.18.0\STM32CubeIDE\plugins\com.st.stm32cube.common.mx_6.14.0.202502271554\db\plugins\mcufinder\reactClient1\index.html
2026-08-15 00:04:50,527 [INFO] UserAuth:486 - Internet connection configuration mode: 1
2026-08-15 00:08:10,181 [ERROR] LogOutputStream:75 - [STDERR_REDIRECT] 
2026-08-15 09:53:54,183 [INFO] Activator:176 - 


2026-08-15 09:53:54,186 [INFO] Activator:177 - !SESSION log4j initialized
2026-08-15 09:54:09,006 [INFO] LogOutputStream:77 - [STDOUT_REDIRECT] 
2026-08-15 09:54:10,885 [INFO] ApplicationProperties:184 - Using Application install path: C:\ST\STM32CubeIDE_1.18.0\STM32CubeIDE\plugins\com.st.stm32cube.common.mx_6.14.0.202502271554
2026-08-15 09:54:10,917 [INFO] DbMcusXml:78 - Set database path to: C:\ST\STM32CubeIDE_1.18.0\STM32CubeIDE\plugins\com.st.stm32cube.common.mx_6.14.0.202502271554\\db\/mcu/
2026-08-15 09:54:10,917 [INFO] ApiDb:274 - Set plugin database path to: C:\ST\STM32CubeIDE_1.18.0\STM32CubeIDE\plugins\com.st.stm32cube.common.mx_6.14.0.202502271554\\db\/plugins/boardmanager/
2026-08-15 09:54:10,918 [WARN] ApiDb:259 - Overriding images path with different value:  => C:\ST\STM32CubeIDE_1.18.0\STM32CubeIDE\plugins\com.st.stm32cube.common.mx_6.14.0.202502271554\\db\/plugins/mcufinder/images/
2026-08-15 09:54:10,932 [INFO] ApiDb:250 - Set database path to: C:\Users\Admin\.stmcufinder\plugins\mcufinder//mcu/
2026-08-15 09:54:10,934 [INFO] DbMcusAds:125 - Set database path to: C:\Users\Admin\.stmcufinder\plugins\mcufinder//mcu/
2026-08-15 09:54:10,938 [INFO] CrossReferenceDbSqlite:203 - Set database path to: C:\Users\Admin\.stmcufinder\plugins\mcufinder//mcu/cs/
2026-08-15 09:54:11,163 [INFO] RulesReader:64 - Compatibility file has been processed (301 Rules)
2026-08-15 09:54:11,295 [INFO] DbMcusXml:78 - Set database path to: C:\ST\STM32CubeIDE_1.18.0\STM32CubeIDE\plugins\com.st.stm32cube.common.mx_6.14.0.202502271554\\db\/mcu/
2026-08-15 09:54:11,295 [INFO] ApiDb:274 - Set plugin database path to: C:\ST\STM32CubeIDE_1.18.0\STM32CubeIDE\plugins\com.st.stm32cube.common.mx_6.14.0.202502271554\\db\/plugins/boardmanager/
2026-08-15 09:54:11,296 [INFO] ApiDb:261 - Set plugin images path to: C:\ST\STM32CubeIDE_1.18.0\STM32CubeIDE\plugins\com.st.stm32cube.common.mx_6.14.0.202502271554\\db\/plugins/mcufinder/images/
2026-08-15 09:54:11,296 [WARN] DbFile:41 - Overriding database path with different value: C:\Users\Admin\.stmcufinder\plugins\mcufinder/ => C:\Users\Admin\.stmcufinder\plugins\mcufinder
2026-08-15 09:54:11,296 [INFO] ApiDb:250 - Set database path to: C:\Users\Admin\.stmcufinder\plugins\mcufinder//mcu/
2026-08-15 09:54:11,296 [WARN] DbFile:41 - Overriding database path with different value: C:\Users\Admin\.stmcufinder\plugins\mcufinder/ => C:\Users\Admin\.stmcufinder\plugins\mcufinder
2026-08-15 09:54:11,296 [INFO] DbMcusAds:125 - Set database path to: C:\Users\Admin\.stmcufinder\plugins\mcufinder//mcu/
2026-08-15 09:54:11,296 [WARN] DbFile:41 - Overriding database path with different value: C:\Users\Admin\.stmcufinder\plugins\mcufinder/ => C:\Users\Admin\.stmcufinder\plugins\mcufinder
2026-08-15 09:54:11,296 [WARN] DbFile:41 - Overriding database path with different value: C:\Users\Admin\.stmcufinder\plugins\mcufinder/ => C:\Users\Admin\.stmcufinder\plugins\mcufinder
2026-08-15 09:54:11,296 [INFO] CrossReferenceDbSqlite:203 - Set database path to: C:\Users\Admin\.stmcufinder\plugins\mcufinder//mcu/cs/
2026-08-15 09:54:11,421 [INFO] MainPanel:272 - HeapMemory: 268435456
2026-08-15 09:54:11,725 [INFO] DbMcusXml:78 - Set database path to: C:\ST\STM32CubeIDE_1.18.0\STM32CubeIDE\plugins\com.st.stm32cube.common.mx_6.14.0.202502271554\\db\/mcu/
2026-08-15 09:54:11,725 [INFO] ApiDb:274 - Set plugin database path to: C:\ST\STM32CubeIDE_1.18.0\STM32CubeIDE\plugins\com.st.stm32cube.common.mx_6.14.0.202502271554\\db\/plugins/boardmanager/
2026-08-15 09:54:11,726 [INFO] ApiDb:261 - Set plugin images path to: C:\ST\STM32CubeIDE_1.18.0\STM32CubeIDE\plugins\com.st.stm32cube.common.mx_6.14.0.202502271554\\db\/plugins/mcufinder/images/
2026-08-15 09:54:11,726 [WARN] DbFile:41 - Overriding database path with different value: C:\Users\Admin\.stmcufinder\plugins\mcufinder/ => C:\Users\Admin\.stmcufinder\plugins\mcufinder
2026-08-15 09:54:11,726 [INFO] ApiDb:250 - Set database path to: C:\Users\Admin\.stmcufinder\plugins\mcufinder//mcu/
2026-08-15 09:54:11,727 [WARN] DbFile:41 - Overriding database path with different value: C:\Users\Admin\.stmcufinder\plugins\mcufinder/ => C:\Users\Admin\.stmcufinder\plugins\mcufinder
2026-08-15 09:54:11,727 [INFO] DbMcusAds:125 - Set database path to: C:\Users\Admin\.stmcufinder\plugins\mcufinder//mcu/
2026-08-15 09:54:11,727 [WARN] DbFile:41 - Overriding database path with different value: C:\Users\Admin\.stmcufinder\plugins\mcufinder/ => C:\Users\Admin\.stmcufinder\plugins\mcufinder
2026-08-15 09:54:11,727 [WARN] DbFile:41 - Overriding database path with different value: C:\Users\Admin\.stmcufinder\plugins\mcufinder/ => C:\Users\Admin\.stmcufinder\plugins\mcufinder
2026-08-15 09:54:11,727 [INFO] CrossReferenceDbSqlite:203 - Set database path to: C:\Users\Admin\.stmcufinder\plugins\mcufinder//mcu/cs/
2026-08-15 09:54:11,761 [INFO] ApplicationProperties:184 - Using Application install path: C:\ST\STM32CubeIDE_1.18.0\STM32CubeIDE\plugins\com.st.stm32cube.common.mx_6.14.0.202502271554
2026-08-15 09:54:11,763 [INFO] PluginManage:196 - Search for loadable plugins [exclusion list=, ]
2026-08-15 09:54:11,767 [INFO] PluginManage:310 - Check plugin analytics
2026-08-15 09:54:12,324 [INFO] AnalyticsPlugin:253 - Accepted Software Licenses: STM32CubeMX.6.9.2,STM32CubeMX.6.17.0
2026-08-15 09:54:12,324 [INFO] AnalyticsPlugin:255 - Accepted CMSIS Pack Licenses: 
2026-08-15 09:54:12,326 [INFO] AnalyticsPlugin:257 - Accepted Firmware Licenses: 
2026-08-15 09:54:12,334 [INFO] PluginManage:359 - Loaded plugin analytics (category:tool,tabindex:-1)
2026-08-15 09:54:12,334 [INFO] PluginManage:310 - Check plugin cadmodel
2026-08-15 09:54:12,350 [INFO] CADModel:105 - Init CAD model plugin
2026-08-15 09:54:12,351 [INFO] PluginManage:359 - Loaded plugin cadmodel (category:power,tabindex:5)
2026-08-15 09:54:12,351 [INFO] PluginManage:310 - Check plugin clock
2026-08-15 09:54:12,374 [INFO] PluginManage:359 - Loaded plugin clock (category:base,tabindex:2)
2026-08-15 09:54:12,374 [INFO] PluginManage:310 - Check plugin ddr
2026-08-15 09:54:12,381 [INFO] PluginManage:359 - Loaded plugin ddr (category:tool,tabindex:6)
2026-08-15 09:54:12,382 [INFO] PluginManage:310 - Check plugin filemanager
2026-08-15 09:54:12,735 [INFO] PluginManage:359 - Loaded plugin filemanager (category:base,tabindex:10)
2026-08-15 09:54:12,735 [INFO] PluginManage:310 - Check plugin ipmanager
2026-08-15 09:54:12,746 [INFO] PluginManage:359 - Loaded plugin ipmanager (category:base,tabindex:5)
2026-08-15 09:54:12,746 [INFO] PluginManage:310 - Check plugin lpbam
2026-08-15 09:54:12,770 [INFO] PluginManage:359 - Loaded plugin lpbam (category:base,tabindex:0)
2026-08-15 09:54:12,770 [INFO] PluginManage:310 - Check plugin memorymap
2026-08-15 09:54:12,800 [INFO] PluginManage:359 - Loaded plugin memorymap (category:base,tabindex:4)
2026-08-15 09:54:12,800 [INFO] PluginManage:310 - Check plugin pinoutandconfiguration
2026-08-15 09:54:12,819 [INFO] PluginManage:359 - Loaded plugin pinoutandconfiguration (category:base,tabindex:1)
2026-08-15 09:54:12,819 [INFO] PluginManage:310 - Check plugin pinoutconfig
2026-08-15 09:54:13,002 [WARN] SupportedApi:132 - Cannot load RTOS API schema: s4s-elt-must-match.1: The content of 'definitions' must match (annotation?, (simpleType | complexType)?, (unique | key | keyref)*)). A problem was found starting at: attribute.
2026-08-15 09:54:13,251 [INFO] PluginManage:359 - Loaded plugin pinoutconfig (category:base,tabindex:0)
2026-08-15 09:54:13,252 [INFO] PluginManage:310 - Check plugin power
2026-08-15 09:54:13,271 [INFO] PluginManage:359 - Loaded plugin power (category:power,tabindex:4)
2026-08-15 09:54:13,271 [INFO] PluginManage:310 - Check plugin projectmanager
2026-08-15 09:54:13,295 [INFO] PluginManage:359 - Loaded plugin projectmanager (category:projectmanager,tabindex:4)
2026-08-15 09:54:13,295 [INFO] PluginManage:310 - Check plugin rif
2026-08-15 09:54:13,307 [INFO] PluginManage:359 - Loaded plugin rif (category:base,tabindex:3)
2026-08-15 09:54:13,307 [INFO] PluginManage:310 - Check plugin thirdparty
2026-08-15 09:54:13,541 [INFO] PluginManage:359 - Loaded plugin thirdparty (category:base,tabindex:-1)
2026-08-15 09:54:13,541 [WARN] IntegrityCheckThread:84 - waiting for thirdparty lock release [integrity check]
2026-08-15 09:54:13,541 [INFO] PluginManage:310 - Check plugin tools
2026-08-15 09:54:13,541 [INFO] IntegrityCheckThread:86 - entering critical section [integrity check]
2026-08-15 09:54:13,543 [INFO] ThirdPartyUpdaterWithRetryManager:70 - Updater plugin not ready yet. [1/15]
2026-08-15 09:54:13,547 [INFO] PluginManage:359 - Loaded plugin tools (category:base,tabindex:7)
2026-08-15 09:54:13,547 [INFO] PluginManage:310 - Check plugin tutovideos
2026-08-15 09:54:13,808 [INFO] PluginManage:359 - Loaded plugin tutovideos (category:base,tabindex:-1)
2026-08-15 09:54:13,808 [INFO] PluginManage:310 - Check plugin updater
2026-08-15 09:54:13,839 [INFO] PluginManage:359 - Loaded plugin updater (category:base,tabindex:12)
2026-08-15 09:54:13,840 [INFO] PluginManage:310 - Check plugin userauth
2026-08-15 09:54:13,846 [INFO] UserAuth:118 - Init User Auth plugin
2026-08-15 09:54:13,847 [INFO] PluginManage:359 - Loaded plugin userauth (category:base,tabindex:14)
2026-08-15 09:54:13,848 [INFO] PluginManage:283 - PluginManage : Loaded plugins [18]
2026-08-15 09:54:14,246 [INFO] PinOutPanel:1589 - setPackage(No Configuration,No Configuration)
2026-08-15 09:54:14,444 [INFO] CADModel:165 - CPN selected for project level
2026-08-15 09:54:14,444 [INFO] CADModel:114 - Register for checkConnection events
2026-08-15 09:54:14,491 [INFO] IPUIPlugin:80 - create IPUIPlugin
2026-08-15 09:54:14,491 [INFO] PluginManager:220 - loadIPPluginJar : add adc
2026-08-15 09:54:14,496 [INFO] IPUIPlugin:80 - create IPUIPlugin
2026-08-15 09:54:14,497 [INFO] PluginManager:220 - loadIPPluginJar : add aes
2026-08-15 09:54:14,502 [INFO] IPUIPlugin:80 - create IPUIPlugin
2026-08-15 09:54:14,502 [INFO] PluginManager:220 - loadIPPluginJar : add can
2026-08-15 09:54:14,505 [INFO] IPUIPlugin:80 - create IPUIPlugin
2026-08-15 09:54:14,505 [INFO] PluginManager:220 - loadIPPluginJar : add comp
2026-08-15 09:54:14,513 [INFO] IPUIPlugin:80 - create IPUIPlugin
2026-08-15 09:54:14,513 [INFO] PluginManager:220 - loadIPPluginJar : add cryp
2026-08-15 09:54:14,520 [INFO] IPUIPlugin:80 - create IPUIPlugin
2026-08-15 09:54:14,520 [INFO] PluginManager:220 - loadIPPluginJar : add ddr_ctrl_phy
2026-08-15 09:54:14,527 [INFO] IPUIPlugin:80 - create IPUIPlugin
2026-08-15 09:54:14,527 [INFO] PluginManager:220 - loadIPPluginJar : add dfsdm
2026-08-15 09:54:14,542 [INFO] IPUIPlugin:80 - create IPUIPlugin
2026-08-15 09:54:14,542 [INFO] PluginManager:220 - loadIPPluginJar : add dma
2026-08-15 09:54:14,548 [INFO] IPUIPlugin:80 - create IPUIPlugin
2026-08-15 09:54:14,548 [INFO] PluginManager:220 - loadIPPluginJar : add dma3
2026-08-15 09:54:14,554 [INFO] IPUIPlugin:80 - create IPUIPlugin
2026-08-15 09:54:14,554 [INFO] PluginManager:220 - loadIPPluginJar : add extmemmanager
2026-08-15 09:54:14,556 [INFO] IPUIPlugin:80 - create IPUIPlugin
2026-08-15 09:54:14,557 [INFO] PluginManager:220 - loadIPPluginJar : add fatfs
2026-08-15 09:54:14,562 [INFO] IPUIPlugin:80 - create IPUIPlugin
2026-08-15 09:54:14,562 [INFO] PluginManager:220 - loadIPPluginJar : add fmc
2026-08-15 09:54:14,575 [INFO] IPUIPlugin:80 - create IPUIPlugin
2026-08-15 09:54:14,575 [INFO] PluginManager:220 - loadIPPluginJar : add freertos
2026-08-15 09:54:14,579 [INFO] IPUIPlugin:80 - create IPUIPlugin
2026-08-15 09:54:14,579 [INFO] PluginManager:220 - loadIPPluginJar : add genericplugin
2026-08-15 09:54:14,584 [INFO] IPUIPlugin:80 - create IPUIPlugin
2026-08-15 09:54:14,584 [INFO] PluginManager:220 - loadIPPluginJar : add gfxmmu
2026-08-15 09:54:14,591 [INFO] IPUIPlugin:80 - create IPUIPlugin
2026-08-15 09:54:14,591 [INFO] PluginManager:220 - loadIPPluginJar : add gic
2026-08-15 09:54:14,599 [INFO] IPUIPlugin:80 - create IPUIPlugin
2026-08-15 09:54:14,599 [INFO] PluginManager:220 - loadIPPluginJar : add gpio
2026-08-15 09:54:14,603 [INFO] IPUIPlugin:80 - create IPUIPlugin
2026-08-15 09:54:14,603 [INFO] PluginManager:220 - loadIPPluginJar : add gtzc
2026-08-15 09:54:14,606 [INFO] IPUIPlugin:80 - create IPUIPlugin
2026-08-15 09:54:14,606 [INFO] PluginManager:220 - loadIPPluginJar : add hash
2026-08-15 09:54:14,614 [INFO] IPUIPlugin:80 - create IPUIPlugin
2026-08-15 09:54:14,614 [INFO] PluginManager:220 - loadIPPluginJar : add i2c
2026-08-15 09:54:14,619 [INFO] IPUIPlugin:80 - create IPUIPlugin
2026-08-15 09:54:14,619 [INFO] PluginManager:220 - loadIPPluginJar : add i2s
2026-08-15 09:54:14,622 [INFO] IPUIPlugin:80 - create IPUIPlugin
2026-08-15 09:54:14,622 [INFO] PluginManager:220 - loadIPPluginJar : add i3c
2026-08-15 09:54:14,631 [INFO] IPUIPlugin:80 - create IPUIPlugin
2026-08-15 09:54:14,631 [INFO] PluginManager:220 - loadIPPluginJar : add ipddr
2026-08-15 09:54:14,649 [INFO] IPUIPlugin:80 - create IPUIPlugin
2026-08-15 09:54:14,649 [INFO] PluginManager:220 - loadIPPluginJar : add linkedlist
2026-08-15 09:54:14,655 [INFO] IPUIPlugin:80 - create IPUIPlugin
2026-08-15 09:54:14,655 [INFO] PluginManager:220 - loadIPPluginJar : add lorawan
2026-08-15 09:54:14,658 [INFO] IPUIPlugin:80 - create IPUIPlugin
2026-08-15 09:54:14,658 [INFO] PluginManager:220 - loadIPPluginJar : add ltdc
2026-08-15 09:54:14,668 [INFO] IPUIPlugin:80 - create IPUIPlugin
2026-08-15 09:54:14,668 [INFO] PluginManager:220 - loadIPPluginJar : add mdma
2026-08-15 09:54:14,675 [INFO] IPUIPlugin:80 - create IPUIPlugin
2026-08-15 09:54:14,675 [INFO] PluginManager:220 - loadIPPluginJar : add nvic
2026-08-15 09:54:14,682 [INFO] IPUIPlugin:80 - create IPUIPlugin
2026-08-15 09:54:14,682 [INFO] PluginManager:220 - loadIPPluginJar : add opamp
2026-08-15 09:54:14,688 [INFO] IPUIPlugin:80 - create IPUIPlugin
2026-08-15 09:54:14,688 [INFO] PluginManager:220 - loadIPPluginJar : add openamp
2026-08-15 09:54:14,693 [INFO] IPUIPlugin:80 - create IPUIPlugin
2026-08-15 09:54:14,694 [INFO] PluginManager:220 - loadIPPluginJar : add pdm2pcm
2026-08-15 09:54:14,702 [INFO] IPUIPlugin:80 - create IPUIPlugin
2026-08-15 09:54:14,706 [INFO] PluginManager:220 - loadIPPluginJar : add plateformsettings
2026-08-15 09:54:14,708 [INFO] IPUIPlugin:80 - create IPUIPlugin
2026-08-15 09:54:14,708 [INFO] PluginManager:220 - loadIPPluginJar : add quadspi
2026-08-15 09:54:14,712 [INFO] IPUIPlugin:80 - create IPUIPlugin
2026-08-15 09:54:14,714 [INFO] PluginManager:220 - loadIPPluginJar : add radio
2026-08-15 09:54:14,718 [INFO] IPUIPlugin:80 - create IPUIPlugin
2026-08-15 09:54:14,718 [INFO] PluginManager:220 - loadIPPluginJar : add resmgrutility
2026-08-15 09:54:14,724 [INFO] IPUIPlugin:80 - create IPUIPlugin
2026-08-15 09:54:14,724 [INFO] PluginManager:220 - loadIPPluginJar : add sai
2026-08-15 09:54:14,728 [INFO] IPUIPlugin:80 - create IPUIPlugin
2026-08-15 09:54:14,728 [INFO] PluginManager:220 - loadIPPluginJar : add spi
2026-08-15 09:54:14,735 [INFO] IPUIPlugin:80 - create IPUIPlugin
2026-08-15 09:54:14,737 [INFO] PluginManager:220 - loadIPPluginJar : add stm32_wpan
2026-08-15 09:54:14,739 [INFO] IPUIPlugin:80 - create IPUIPlugin
2026-08-15 09:54:14,739 [INFO] PluginManager:220 - loadIPPluginJar : add tim
2026-08-15 09:54:14,741 [INFO] IPUIPlugin:80 - create IPUIPlugin
2026-08-15 09:54:14,741 [INFO] PluginManager:220 - loadIPPluginJar : add touchsensing
2026-08-15 09:54:14,746 [INFO] IPUIPlugin:80 - create IPUIPlugin
2026-08-15 09:54:14,746 [INFO] PluginManager:220 - loadIPPluginJar : add tracer_emb
2026-08-15 09:54:14,750 [INFO] IPUIPlugin:80 - create IPUIPlugin
2026-08-15 09:54:14,750 [INFO] PluginManager:220 - loadIPPluginJar : add ts
2026-08-15 09:54:14,750 [INFO] IPUIPlugin:80 - create IPUIPlugin
2026-08-15 09:54:14,750 [INFO] PluginManager:220 - loadIPPluginJar : add tsc
2026-08-15 09:54:14,759 [INFO] IPUIPlugin:80 - create IPUIPlugin
2026-08-15 09:54:14,759 [INFO] PluginManager:220 - loadIPPluginJar : add ucpd
2026-08-15 09:54:14,761 [INFO] IPUIPlugin:80 - create IPUIPlugin
2026-08-15 09:54:14,761 [INFO] PluginManager:220 - loadIPPluginJar : add usart
2026-08-15 09:54:14,768 [INFO] IPUIPlugin:80 - create IPUIPlugin
2026-08-15 09:54:14,768 [INFO] PluginManager:220 - loadIPPluginJar : add usbx
2026-08-15 09:54:14,918 [FATAL] Updater:351 - Updater called before beeing initialized
2026-08-15 09:54:14,948 [INFO] RulesReader:64 - Compatibility file has been processed (301 Rules)
2026-08-15 09:54:14,963 [INFO] RulesReader:64 - Compatibility file has been processed (301 Rules)
2026-08-15 09:54:14,970 [INFO] CADModel:165 - CPN selected for project level
2026-08-15 09:54:14,970 [INFO] CADModel:114 - Register for checkConnection events
2026-08-15 09:54:14,970 [FATAL] Updater:351 - Updater called before beeing initialized
2026-08-15 09:54:14,970 [ERROR] CADModel:125 - Updater not yet initialized, retry later 
2026-08-15 09:54:15,166 [FATAL] Updater:351 - Updater called before beeing initialized
2026-08-15 09:54:15,166 [INFO] CADModel:165 - CPN selected for project level
2026-08-15 09:54:15,166 [INFO] CADModel:114 - Register for checkConnection events
2026-08-15 09:54:15,166 [FATAL] Updater:351 - Updater called before beeing initialized
2026-08-15 09:54:15,166 [ERROR] CADModel:125 - Updater not yet initialized, retry later 
2026-08-15 09:54:15,172 [FATAL] Updater:351 - Updater called before beeing initialized
2026-08-15 09:54:15,312 [FATAL] Updater:351 - Updater called before beeing initialized
2026-08-15 09:54:15,316 [INFO] DbMcusAds:53 - JSON generation date=Wed Jul 15 16:44:54 ICT 2026 (1784108694001)
2026-08-15 09:54:15,318 [FATAL] Updater:351 - Updater called before beeing initialized
2026-08-15 09:54:15,371 [WARN] DetailPanel:346 - Failed to get advertising image, set to default
2026-08-15 09:54:15,684 [FATAL] Updater:351 - Updater called before beeing initialized
2026-08-15 09:54:15,694 [FATAL] Updater:351 - Updater called before beeing initialized
2026-08-15 09:54:15,694 [FATAL] Updater:351 - Updater called before beeing initialized
2026-08-15 09:54:15,694 [WARN] DetailPanel:346 - Failed to get advertising image, set to default
2026-08-15 09:54:15,695 [FATAL] Updater:351 - Updater called before beeing initialized
2026-08-15 09:54:15,746 [ERROR] Updater:1198 - MainUpdater not yet initialized. External WinMGr cannot be set.
2026-08-15 09:54:15,761 [INFO] Updater:1134 - Updater Version found : 6.14.0
2026-08-15 09:54:15,780 [INFO] ApplicationProperties:184 - Using Application install path: C:\ST\STM32CubeIDE_1.18.0\STM32CubeIDE\plugins\com.st.stm32cube.common.mx_6.14.0.202502271554
2026-08-15 09:54:16,240 [INFO] MainUpdater:2872 - connection check result : 10
2026-08-15 09:54:16,240 [INFO] MainUpdater:289 - Updater Check For Update Now.
2026-08-15 09:54:16,240 [INFO] MicroXplorer:498 - Change Database Version : DB.6.0.140
2026-08-15 09:54:16,248 [INFO] McuFinderGlobals:63 - Set McuFinder mode to 2 (CubeIDE integrated)
2026-08-15 09:54:16,250 [INFO] UserAuth:486 - Internet connection configuration mode: 1
2026-08-15 09:54:16,281 [INFO] JxBrowserEngine:152 - Initiate JxBrowser Engine with user profile folder
2026-08-15 09:54:16,463 [INFO] CheckServerUpdateThread:120 - End of CheckServer Thread
2026-08-15 09:54:17,102 [WARN] PackLoader:240 - Cannot read IP mode file for STMicroelectronics.X-CUBE-AZRTOS-H7.3.5.0
2026-08-15 09:54:17,129 [WARN] PackLoader:240 - Cannot read IP mode file for STMicroelectronics.FP-SNS-MOTENVWB1.1.4.0
2026-08-15 09:54:17,143 [WARN] PackLoader:240 - Cannot read IP mode file for STMicroelectronics.FP-ATR-ASTRA1.2.0.3
2026-08-15 09:54:17,150 [WARN] PackLoader:240 - Cannot read IP mode file for STMicroelectronics.FP-ATR-ASTRA1.2.0.2
2026-08-15 09:54:17,156 [WARN] PackLoader:240 - Cannot read IP mode file for STMicroelectronics.FP-ATR-ASTRA1.2.0.1
2026-08-15 09:54:17,166 [ERROR] Engine:466 - C:\Users\Admin\.stm32cubemx\thirdparties\pdsc\STMicroelectronics.X-CUBE-SMBUS.2.1.1.pdsc: PDSC version is not supported
2026-08-15 09:54:17,172 [WARN] PackLoader:240 - Cannot read IP mode file for STMicroelectronics.X-CUBE-SMBUS.2.1.0
2026-08-15 09:54:17,179 [WARN] PackLoader:240 - Cannot read IP mode file for STMicroelectronics.X-CUBE-ST60.1.0.0
2026-08-15 09:54:17,208 [WARN] PackLoader:240 - Cannot read IP mode file for STMicroelectronics.X-CUBE-AZRTOS-F7.1.1.0
2026-08-15 09:54:17,216 [ERROR] Engine:466 - C:\Users\Admin\.stm32cubemx\thirdparties\pdsc\STMicroelectronics.X-CUBE-FREERTOS.1.6.0.pdsc: PDSC version is not supported
2026-08-15 09:54:17,221 [ERROR] Engine:466 - C:\Users\Admin\.stm32cubemx\thirdparties\pdsc\STMicroelectronics.FP-SNS-MOTENV1.5.1.0.pdsc: PDSC version is not supported
2026-08-15 09:54:17,254 [WARN] PackLoader:240 - Cannot read IP mode file for STMicroelectronics.X-CUBE-AZRTOS-H7RS.1.3.0
2026-08-15 09:54:17,269 [WARN] PackLoader:240 - Cannot read IP mode file for STMicroelectronics.FP-SNS-FLIGHT1.5.0.2
2026-08-15 09:54:17,386 [WARN] PackLoader:240 - Cannot read IP mode file for Infineon.AIROC-Wi-Fi-Bluetooth-STM32.1.7.0
2026-08-15 09:54:17,512 [WARN] PackLoader:240 - Cannot read IP mode file for STMicroelectronics.X-CUBE-AZRTOS-H7.3.4.0
2026-08-15 09:54:17,531 [WARN] PackLoader:240 - Cannot read IP mode file for STMicroelectronics.X-CUBE-DISPLAY.3.0.0
2026-08-15 09:54:17,561 [WARN] PackLoader:240 - Cannot read IP mode file for STMicroelectronics.X-CUBE-GNSS1.7.1.1
2026-08-15 09:54:17,572 [ERROR] Engine:466 - C:\Users\Admin\.stm32cubemx\thirdparties\pdsc\STMicroelectronics.FP-SNS-MOTENVWB1.1.5.0.pdsc: PDSC version is not supported
2026-08-15 09:54:17,647 [WARN] PackLoader:240 - Cannot read IP mode file for STMicroelectronics.X-CUBE-BLE1.7.0.0
2026-08-15 09:54:17,673 [WARN] PackLoader:240 - Cannot read IP mode file for STMicroelectronics.X-CUBE-BLEMGR.4.0.0
2026-08-15 09:54:17,681 [WARN] PackLoader:240 - Cannot read IP mode file for STMicroelectronics.X-CUBE-ST60.1.1.0
2026-08-15 09:54:17,689 [WARN] PackLoader:240 - Cannot read IP mode file for emotas.I-CUBE-CANOPEN.1.3.0
2026-08-15 09:54:17,693 [ERROR] Engine:466 - C:\Users\Admin\.stm32cubemx\thirdparties\pdsc\STMicroelectronics.X-CUBE-WBA.1.1.0.pdsc: PDSC version is not supported
2026-08-15 09:54:17,699 [WARN] PackLoader:240 - Cannot read IP mode file for STMicroelectronics.X-CUBE-GNSS1.7.1.0
2026-08-15 09:54:17,708 [WARN] ConditionMgr:438 - getConditionDescription Invalid condition id : Cortex-A Device cause : null
2026-08-15 09:54:17,730 [WARN] ConditionMgr:1044 - genDependencies : Invalid condition id : Cortex-A Device cause : null
2026-08-15 09:54:17,730 [WARN] ConditionMgr:1044 - genDependencies : Invalid condition id : Cortex-A Device cause : null
2026-08-15 09:54:17,730 [WARN] ConditionMgr:1044 - genDependencies : Invalid condition id : Cortex-A Device cause : null
2026-08-15 09:54:17,736 [WARN] PackLoader:240 - Cannot read IP mode file for STMicroelectronics.X-CUBE-AI.10.0.0
2026-08-15 09:54:17,742 [ERROR] Engine:466 - C:\Users\Admin\.stm32cubemx\thirdparties\pdsc\STMicroelectronics.FP-SNS-STBOX1.2.1.0.pdsc: PDSC version is not supported
2026-08-15 09:54:17,748 [WARN] PackLoader:240 - Cannot read IP mode file for STMicroelectronics.FP-SNS-FLIGHT1.5.1.0
2026-08-15 09:54:17,815 [WARN] PackLoader:240 - Cannot read IP mode file for STMicroelectronics.X-CUBE-MEMS1.11.1.0
2026-08-15 09:54:18,197 [INFO] LogOutputStream:77 - [STDOUT_REDIRECT] 1 : Invalid condition id : UX_CORESTACK_Condition cause : null
2026-08-15 09:54:18,200 [INFO] LogOutputStream:77 - [STDOUT_REDIRECT] 1 : Invalid condition id : UX_CORESTACK_Condition cause : null
2026-08-15 09:54:18,202 [INFO] LogOutputStream:77 - [STDOUT_REDIRECT] 1 : Invalid condition id : UX_CORESTACK_Condition cause : null
2026-08-15 09:54:18,209 [INFO] LogOutputStream:77 - [STDOUT_REDIRECT] 1 : Invalid condition id : UX_CORESTACK_Condition cause : null
2026-08-15 09:54:18,250 [INFO] LogOutputStream:77 - [STDOUT_REDIRECT] 1 : Invalid condition id : UX_CORESTACK_Condition cause : null
2026-08-15 09:54:18,261 [WARN] PackLoader:240 - Cannot read IP mode file for STMicroelectronics.X-CUBE-AZRTOS-WL.2.0.0
2026-08-15 09:54:18,285 [WARN] PackLoader:240 - Cannot read IP mode file for STMicroelectronics.FP-SNS-MOTENV1.5.0.0
2026-08-15 09:54:18,336 [WARN] PackLoader:240 - Cannot read IP mode file for STMicroelectronics.X-CUBE-AZRTOS-H7RS.1.2.0
2026-08-15 09:54:18,370 [WARN] PackLoader:240 - Cannot read IP mode file for WES.I-CUBE-Cesium.1.3.0
2026-08-15 09:54:18,379 [WARN] PackLoader:240 - Cannot read IP mode file for STMicroelectronics.X-CUBE-BLE2.3.3.0
2026-08-15 09:54:18,409 [WARN] PackLoader:240 - Cannot read IP mode file for STMicroelectronics.X-CUBE-BLE1.7.1.0
2026-08-15 09:54:18,419 [ERROR] Engine:466 - C:\Users\Admin\.stm32cubemx\thirdparties\pdsc\STMicroelectronics.X-CUBE-FREERTOS.1.4.0.pdsc: PDSC version is not supported
2026-08-15 09:54:18,430 [WARN] PackLoader:240 - Cannot read IP mode file for STMicroelectronics.X-CUBE-EEPRMA1.5.2.0
2026-08-15 09:54:18,437 [ERROR] Engine:466 - C:\Users\Admin\.stm32cubemx\thirdparties\pdsc\STMicroelectronics.X-CUBE-ST67W61.1.1.0.pdsc: PDSC version is not supported
2026-08-15 09:54:18,440 [ERROR] Engine:466 - C:\Users\Admin\.stm32cubemx\thirdparties\pdsc\STMicroelectronics.FP-SNS-STAIOTCFT.1.1.0.pdsc: PDSC version is not supported
2026-08-15 09:54:18,510 [WARN] PackLoader:240 - Cannot read IP mode file for STMicroelectronics.X-CUBE-MEMS1.12.0.0
2026-08-15 09:54:18,674 [INFO] WebApp:169 - Instantiating new browser for Auth
2026-08-15 09:54:18,687 [WARN] PackLoader:240 - Cannot read IP mode file for STMicroelectronics.X-CUBE-MEMS1.11.2.0
2026-08-15 09:54:19,198 [WARN] PackLoader:240 - Cannot read IP mode file for STMicroelectronics.X-CUBE-AZRTOS-G0.1.1.0
2026-08-15 09:54:19,209 [WARN] PackLoader:240 - Cannot read IP mode file for STMicroelectronics.X-CUBE-NFC4.3.0.0
2026-08-15 09:54:19,233 [WARN] PackLoader:240 - Cannot read IP mode file for EmbeddedOffice.I-CUBE-FS-RTOS.1.0.1
2026-08-15 09:54:19,243 [WARN] PackLoader:240 - Cannot read IP mode file for STMicroelectronics.X-CUBE-WB05N.2.0.0
2026-08-15 09:54:19,253 [WARN] PackLoader:240 - Cannot read IP mode file for STMicroelectronics.FP-ATR-SIGFOX1.3.2.0
2026-08-15 09:54:19,275 [WARN] PackLoader:240 - Cannot read IP mode file for STMicroelectronics.X-CUBE-EEPRMA1.5.1.0
2026-08-15 09:54:19,284 [ERROR] Engine:466 - C:\Users\Admin\.stm32cubemx\thirdparties\pdsc\STMicroelectronics.X-CUBE-FREERTOS.1.5.0.pdsc: PDSC version is not supported
2026-08-15 09:54:19,292 [WARN] PackLoader:240 - Cannot read IP mode file for ITTIA_DB.I-CUBE-ITTIADB.8.9.0
2026-08-15 09:54:19,306 [WARN] PackLoader:240 - Cannot read IP mode file for STMicroelectronics.X-CUBE-NFC6.3.2.0
2026-08-15 09:54:19,318 [WARN] PackLoader:240 - Cannot read IP mode file for STMicroelectronics.X-CUBE-ST67W61.1.0.0
2026-08-15 09:54:19,323 [WARN] PackLoader:240 - Cannot read IP mode file for STMicroelectronics.X-CUBE-AI.10.2.1
2026-08-15 09:54:19,328 [WARN] PackLoader:240 - Cannot read IP mode file for STMicroelectronics.X-CUBE-AI.10.2.0
2026-08-15 09:54:19,375 [WARN] PackLoader:240 - Cannot read IP mode file for STMicroelectronics.X-CUBE-MEMS1.12.1.0
2026-08-15 09:54:19,538 [WARN] PackLoader:240 - Cannot read IP mode file for SEGGER.I-CUBE-embOS.1.3.1
2026-08-15 09:54:19,594 [WARN] PackLoader:240 - Cannot read IP mode file for STMicroelectronics.X-CUBE-ALGOBUILD.1.4.0
2026-08-15 09:54:19,694 [WARN] PackLoader:240 - Cannot read IP mode file for STMicroelectronics.X-CUBE-MEMS1.11.3.0
2026-08-15 09:54:19,934 [WARN] PackLoader:240 - Cannot read IP mode file for STMicroelectronics.X-CUBE-NFC13.1.0.0
2026-08-15 09:54:19,950 [WARN] PackLoader:240 - Cannot read IP mode file for STMicroelectronics.X-CUBE-PM33A1.1.0.0
2026-08-15 09:54:19,993 [WARN] PackLoader:240 - Cannot read IP mode file for STMicroelectronics.X-CUBE-AZRTOS-F4.1.1.0
2026-08-15 09:54:20,002 [WARN] PackLoader:240 - Cannot read IP mode file for Avnet-IotConnect.X-CUBE-IoTC-DA16k-PMOD.1.0.0
2026-08-15 09:54:20,010 [ERROR] Engine:466 - C:\Users\Admin\.stm32cubemx\thirdparties\pdsc\STMicroelectronics.X-CUBE-IPS.3.2.0.pdsc: PDSC version is not supported
2026-08-15 09:54:20,015 [WARN] PackLoader:240 - Cannot read IP mode file for STMicroelectronics.eDS-WB_DPC_TT-BIDIR.2.1.1
2026-08-15 09:54:20,027 [WARN] PackLoader:240 - Cannot read IP mode file for STMicroelectronics.X-CUBE-NFC12.1.0.0
2026-08-15 09:54:20,075 [WARN] PackLoader:240 - Cannot read IP mode file for STMicroelectronics.X-CUBE-AZRTOS-L5.2.0.0
2026-08-15 09:54:20,087 [WARN] PackLoader:240 - Cannot read IP mode file for STMicroelectronics.X-CUBE-NFC6.3.1.0
2026-08-15 09:54:20,099 [WARN] PackLoader:240 - Cannot read IP mode file for STMicroelectronics.X-CUBE-ALGOBUILD.1.5.0
2026-08-15 09:54:20,108 [WARN] PackLoader:240 - Cannot read IP mode file for STMicroelectronics.X-CUBE-DPower.1.2.0
2026-08-15 09:54:20,113 [WARN] PackLoader:240 - Cannot read IP mode file for STMicroelectronics.eDS-WB_DPC_VIENNA.1.2.0
2026-08-15 09:54:20,211 [WARN] PackLoader:240 - Cannot read IP mode file for STMicroelectronics.X-CUBE-MEMS1.13.0.0
2026-08-15 09:54:20,349 [WARN] PackLoader:240 - Cannot read IP mode file for STMicroelectronics.eDS-WB_DPC_3PH2L-BIDIR.1.1.1
2026-08-15 09:54:20,353 [ERROR] Engine:466 - C:\Users\Admin\.stm32cubemx\thirdparties\pdsc\STMicroelectronics.X-CUBE-ST67W61.1.3.0.pdsc: PDSC version is not supported
2026-08-15 09:54:20,363 [WARN] PackLoader:240 - Cannot read IP mode file for STMicroelectronics.X-CUBE-FREERTOS.1.3.1
2026-08-15 09:54:20,370 [WARN] PackLoader:240 - Cannot read IP mode file for STMicroelectronics.X-CUBE-FREERTOS.1.3.0
2026-08-15 09:54:20,378 [WARN] PackLoader:240 - Cannot read IP mode file for STMicroelectronics.X-CUBE-NFC7.1.0.1
2026-08-15 09:54:20,391 [WARN] PackLoader:240 - Cannot read IP mode file for STMicroelectronics.X-CUBE-TOUCHGFX.4.26.0
2026-08-15 09:54:20,396 [WARN] PackLoader:240 - Cannot read IP mode file for STMicroelectronics.X-CUBE-TOUCHGFX.4.26.1
2026-08-15 09:54:20,402 [WARN] PackLoader:240 - Cannot read IP mode file for STMicroelectronics.FP-SNS-STAIOTCFT.1.0.0
2026-08-15 09:54:20,410 [WARN] PackLoader:240 - Cannot read IP mode file for STMicroelectronics.X-CUBE-DPower.1.3.0
2026-08-15 09:54:20,434 [WARN] ConditionMgr:438 - getConditionDescription Invalid condition id : LAN8742 Phy interface Condition cause : null
2026-08-15 09:54:20,435 [WARN] PackLoader:240 - Cannot read IP mode file for STMicroelectronics.X-CUBE-AZRTOS-L4.2.0.0
2026-08-15 09:54:20,436 [WARN] ConditionMgr:1044 - genDependencies : Invalid condition id : LAN8742 Phy interface Condition cause : null
2026-08-15 09:54:20,438 [WARN] ConditionMgr:1044 - genDependencies : Invalid condition id : LAN8742 Phy interface Condition cause : null
2026-08-15 09:54:20,438 [WARN] ConditionMgr:1044 - genDependencies : Invalid condition id : LAN8742 Phy interface Condition cause : null
2026-08-15 09:54:20,446 [WARN] PackLoader:240 - Cannot read IP mode file for STMicroelectronics.X-CUBE-SFXS2LP1.4.0.0
2026-08-15 09:54:20,454 [WARN] PackLoader:240 - Cannot read IP mode file for STMicroelectronics.X-CUBE-WB05N.2.1.0
2026-08-15 09:54:20,459 [ERROR] Engine:466 - C:\Users\Admin\.stm32cubemx\thirdparties\pdsc\STMicroelectronics.X-CUBE-ST67W61.1.2.0.pdsc: PDSC version is not supported
2026-08-15 09:54:20,489 [WARN] PackLoader:240 - Cannot read IP mode file for STMicroelectronics.X-CUBE-AZRTOS-H7.3.3.0
2026-08-15 09:54:20,517 [WARN] PackLoader:240 - Cannot read IP mode file for STMicroelectronics.X-CUBE-BLEMGR.4.1.0
2026-08-15 09:54:20,537 [WARN] ConditionMgr:438 - getConditionDescription Invalid condition id : UX DEVICE CLASS RTOS Condition cause : null
2026-08-15 09:54:20,538 [WARN] ConditionMgr:438 - getConditionDescription Invalid condition id : UX DEVICE CLASS RTOS Condition cause : null
2026-08-15 09:54:20,541 [WARN] PackLoader:240 - Cannot read IP mode file for STMicroelectronics.X-CUBE-AZRTOS-WB.2.0.0
2026-08-15 09:54:20,542 [WARN] ConditionMgr:1044 - genDependencies : Invalid condition id : UX DEVICE CLASS RTOS Condition cause : null
2026-08-15 09:54:20,542 [WARN] ConditionMgr:1044 - genDependencies : Invalid condition id : UX DEVICE CLASS RTOS Condition cause : null
2026-08-15 09:54:20,544 [WARN] ConditionMgr:1044 - genDependencies : Invalid condition id : UX DEVICE CLASS RTOS Condition cause : null
2026-08-15 09:54:20,545 [WARN] ConditionMgr:1044 - genDependencies : Invalid condition id : UX DEVICE CLASS RTOS Condition cause : null
2026-08-15 09:54:20,545 [WARN] ConditionMgr:1044 - genDependencies : Invalid condition id : UX DEVICE CLASS RTOS Condition cause : null
2026-08-15 09:54:20,552 [WARN] PackLoader:240 - Cannot read IP mode file for STMicroelectronics.X-CUBE-GNSS1.7.0.1
2026-08-15 09:54:20,559 [WARN] PackLoader:240 - Cannot read IP mode file for STMicroelectronics.X-CUBE-TOUCHGFX.4.25.0
2026-08-15 09:54:20,570 [WARN] PackLoader:240 - Cannot read IP mode file for STMicroelectronics.FP-SNS-STBOX1.2.0.0
2026-08-15 09:54:20,589 [WARN] PackLoader:240 - Cannot read IP mode file for STMicroelectronics.X-CUBE-STSE01.2.0.0
2026-08-15 09:54:20,735 [WARN] PackLoader:240 - Cannot read IP mode file for STMicroelectronics.X-CUBE-SUBG2.5.0.0
2026-08-15 09:54:20,853 [WARN] PackLoader:240 - Cannot read IP mode file for STMicroelectronics.X-CUBE-AZRTOS-H7RS.1.1.0
2026-08-15 09:54:20,864 [WARN] PackLoader:240 - Cannot read IP mode file for Cesanta.I-CUBE-Mongoose.7.13.0
2026-08-15 09:54:20,937 [WARN] PackLoader:240 - Cannot read IP mode file for STMicroelectronics.X-CUBE-AZRTOS-G4.2.0.0
2026-08-15 09:54:20,945 [WARN] PackLoader:240 - Cannot read IP mode file for STMicroelectronics.X-CUBE-NFC7.2.0.0
2026-08-15 09:54:20,996 [WARN] PackLoader:240 - Cannot read IP mode file for STMicroelectronics.X-CUBE-IPS.3.1.0
2026-08-15 09:54:21,030 [ERROR] Engine:466 - C:\Users\Admin\.stm32cubemx\thirdparties\pdsc\STMicroelectronics.X-CUBE-BLEMGR.4.2.0.pdsc: PDSC version is not supported
2026-08-15 09:54:21,034 [INFO] WebApp:463 - Apply proxy settings
2026-08-15 09:54:21,035 [INFO] WebApp:548 - Chromium requires no authentication
2026-08-15 09:54:21,040 [WARN] PackLoader:240 - Cannot read IP mode file for STMicroelectronics.X-CUBE-TOUCHGFX.4.24.2
2026-08-15 09:54:21,052 [WARN] PackLoader:240 - Cannot read IP mode file for STMicroelectronics.X-CUBE-STSE01.1.0.0
2026-08-15 09:54:21,058 [INFO] WebApp:491 - Direct internet connection detected
2026-08-15 09:54:21,067 [WARN] PackLoader:240 - Cannot read IP mode file for portGmbH.I-Cube-SoM-uGOAL.1.1.0
2026-08-15 09:54:21,096 [WARN] PackLoader:240 - Cannot read IP mode file for STMicroelectronics.X-CUBE-AZRTOS-H7RS.1.0.0
2026-08-15 09:54:21,126 [WARN] PackLoader:240 - Cannot read IP mode file for STMicroelectronics.X-CUBE-TOF1.3.4.2
2026-08-15 09:54:21,143 [INFO] WebApp:894 - Register for checkConnection events
2026-08-15 09:54:21,143 [INFO] WebApp:463 - Apply proxy settings
2026-08-15 09:54:21,143 [INFO] WebApp:548 - Chromium requires no authentication
2026-08-15 09:54:21,153 [INFO] WebApp:491 - Direct internet connection detected
2026-08-15 09:54:21,171 [WARN] PackLoader:240 - Cannot read IP mode file for STMicroelectronics.X-CUBE-TOF1.3.4.3
2026-08-15 09:54:21,182 [INFO] ThirdParty:978 - Integrity check success = true
2026-08-15 09:54:21,182 [INFO] IntegrityCheckThread:100 - exiting critical section [integrity check]
2026-08-15 09:54:21,183 [INFO] IntegrityCheckThread:103 - End integrity checks thread
2026-08-15 09:54:21,587 [INFO] WebApp:191 - Connection restablished
2026-08-15 09:54:21,663 [INFO] WebApp:225 - Starting web application
2026-08-15 09:54:21,663 [INFO] WebApp:593 - Web application path used C:\ST\STM32CubeIDE_1.18.0\STM32CubeIDE\plugins\com.st.stm32cube.common.mx_6.14.0.202502271554\db\plugins\mcufinder\reactClient1\index.html
2026-08-15 09:54:22,255 [INFO] UserAuth:486 - Internet connection configuration mode: 1
2026-08-15 09:54:53,366 [INFO] WebApp:194 - Connection lost
2026-08-15 09:54:53,572 [INFO] WebApp:191 - Connection restablished
2026-08-15 10:06:21,481 [INFO] WebApp:194 - Connection lost
2026-08-15 10:06:21,842 [INFO] WebApp:191 - Connection restablished
2026-08-15 10:06:24,367 [INFO] WebApp:194 - Connection lost
2026-08-15 10:06:24,509 [INFO] WebApp:191 - Connection restablished
2026-08-15 11:19:09,186 [INFO] McuFinderGlobals:63 - Set McuFinder mode to 2 (CubeIDE integrated)
2026-08-15 11:19:09,237 [INFO] MainUpdater:2872 - connection check result : 10
2026-08-15 11:19:09,241 [INFO] MainUpdater:2872 - connection check result : 10
2026-08-15 11:19:09,521 [INFO] MicroXplorer:468 - Change Database Path : 
2026-08-15 11:19:09,523 [INFO] MicroXplorer:498 - Change Database Version : DB.6.0.140
2026-08-15 11:19:09,560 [WARN] ThirdParty:871 - waiting for thirdparty lock release [close project]
2026-08-15 11:19:09,560 [INFO] ThirdParty:873 - entering critical section [close project]
2026-08-15 11:19:09,578 [INFO] ThirdParty:883 - exiting critical section [close project]
2026-08-15 11:19:09,592 [INFO] PinOutPanel:1589 - setPackage(No Configuration,No Configuration)
2026-08-15 11:19:09,612 [INFO] UtilMem:75 - Begin LoadConfig() Used Memory: 865920920 Bytes (1073741824)
2026-08-15 11:19:09,626 [INFO] MicroXplorer:468 - Change Database Path : 
2026-08-15 11:19:09,626 [INFO] MicroXplorer:498 - Change Database Version : DB.6.0.140
2026-08-15 11:19:09,626 [INFO] OpenFileManager:354 - Change cursor
2026-08-15 11:19:09,799 [INFO] Mcu:2011 - Initializing MCU STM32F103C(8-B)Tx STM32F103C8Tx STM32F103C8T6
2026-08-15 11:19:11,088 [INFO] Context:756 - Trying to add GPIOservice into a context  which must be forbidden
2026-08-15 11:19:11,526 [INFO] ImportTextPane:218 - (OptionalMessage_ERROR) Pin21 (VP_RIF_VS_RIF1) cannot be retrieved for this MCU
2026-08-15 11:19:11,705 [INFO] RtosManager:558 - Registered RTOS mode: class=CMSIS, group=RTOS, mode=CMSIS_V1, owner=FREERTOS
2026-08-15 11:19:11,705 [INFO] RtosManager:558 - Registered RTOS mode: class=CMSIS, group=RTOS2, mode=CMSIS_V2, owner=FREERTOS
2026-08-15 11:19:11,706 [INFO] RtosManager:558 - Registered RTOS mode: class=RTOS, group=Core, mode=CMSIS_V1, owner=FREERTOS
2026-08-15 11:19:11,706 [INFO] RtosManager:558 - Registered RTOS mode: class=RTOS, group=Core, mode=CMSIS_V2, owner=FREERTOS
2026-08-15 11:19:11,706 [WARN] ModelIntegratedComponent:184 - Missing modes for component STMicroelectronics:FreeRTOS:0.0.1:STMicroelectronics:RTOS:FreeRTOS:Core:::10.2.0:
2026-08-15 11:19:11,848 [WARN] ModelIntegratedComponent:63 - No mode defined for component null
2026-08-15 11:19:11,849 [WARN] ModelIntegratedComponent:63 - No mode defined for component null
2026-08-15 11:19:11,849 [WARN] ModelIntegratedComponent:63 - No mode defined for component null
2026-08-15 11:19:11,850 [WARN] ModelIntegratedComponent:63 - No mode defined for component null
2026-08-15 11:19:11,850 [WARN] ModelIntegratedComponent:63 - No mode defined for component null
2026-08-15 11:19:11,850 [WARN] ModelIntegratedComponent:63 - No mode defined for component null
2026-08-15 11:19:11,850 [WARN] ModelIntegratedComponent:63 - No mode defined for component null
2026-08-15 11:19:11,851 [WARN] ModelIntegratedComponent:63 - No mode defined for component null
2026-08-15 11:19:11,852 [WARN] ModelIntegratedComponent:63 - No mode defined for component null
2026-08-15 11:19:11,852 [WARN] ModelIntegratedComponent:63 - No mode defined for component null
2026-08-15 11:19:11,852 [WARN] ModelIntegratedComponent:63 - No mode defined for component null
2026-08-15 11:19:11,852 [WARN] ModelIntegratedComponent:63 - No mode defined for component null
2026-08-15 11:19:11,852 [WARN] ModelIntegratedComponent:63 - No mode defined for component null
2026-08-15 11:19:11,854 [WARN] ModelIntegratedComponent:63 - No mode defined for component null
2026-08-15 11:19:11,854 [WARN] ModelIntegratedComponent:63 - No mode defined for component null
2026-08-15 11:19:11,855 [WARN] ModelIntegratedComponent:63 - No mode defined for component null
2026-08-15 11:19:11,855 [WARN] ModelIntegratedComponent:63 - No mode defined for component null
2026-08-15 11:19:11,855 [WARN] ModelIntegratedComponent:63 - No mode defined for component null
2026-08-15 11:19:11,856 [WARN] ModelIntegratedComponent:63 - No mode defined for component null
2026-08-15 11:19:11,856 [WARN] ModelIntegratedComponent:63 - No mode defined for component null
2026-08-15 11:19:11,856 [WARN] ModelIntegratedComponent:63 - No mode defined for component null
2026-08-15 11:19:11,856 [WARN] ModelIntegratedComponent:63 - No mode defined for component null
2026-08-15 11:19:11,856 [WARN] ModelIntegratedComponent:63 - No mode defined for component null
2026-08-15 11:19:11,857 [WARN] ModelIntegratedComponent:63 - No mode defined for component null
2026-08-15 11:19:11,857 [WARN] ModelIntegratedComponent:63 - No mode defined for component null
2026-08-15 11:19:11,857 [WARN] ModelIntegratedComponent:63 - No mode defined for component null
2026-08-15 11:19:11,857 [WARN] ModelIntegratedComponent:63 - No mode defined for component null
2026-08-15 11:19:11,857 [WARN] ModelIntegratedComponent:63 - No mode defined for component null
2026-08-15 11:19:11,857 [WARN] ModelIntegratedComponent:63 - No mode defined for component null
2026-08-15 11:19:11,857 [WARN] ModelIntegratedComponent:63 - No mode defined for component null
2026-08-15 11:19:11,857 [WARN] ModelIntegratedComponent:63 - No mode defined for component null
2026-08-15 11:19:11,857 [WARN] ModelIntegratedComponent:63 - No mode defined for component null
2026-08-15 11:19:11,857 [WARN] ModelIntegratedComponent:63 - No mode defined for component null
2026-08-15 11:19:11,858 [WARN] ModelIntegratedComponent:63 - No mode defined for component null
2026-08-15 11:19:11,858 [WARN] ModelIntegratedComponent:63 - No mode defined for component null
2026-08-15 11:19:11,859 [WARN] ModelPack:524 - Component already loaded: STMicroelectronics:HAL Drivers:0.0.0:STMicroelectronics:Device:STMicro_Driver:XSPI:HAL::0.0.1:HAL_XSPI
2026-08-15 11:19:12,482 [INFO] ThirdPartyModel:298 - Start build external matchings
2026-08-15 11:19:15,661 [INFO] ThirdPartyModel:316 - End build external matchings
2026-08-15 11:19:15,802 [INFO] ImportTextPane:218 - (OptionalMessage_ERROR) IP (DMA) : Parameter (Instance) has Id (TIM2_CH1) currently not set
2026-08-15 11:19:15,802 [INFO] ImportTextPane:218 - (OptionalMessage_ERROR) IP (DMA) : Parameter (Direction) has Id (TIM2_CH1) currently not set
2026-08-15 11:19:15,802 [INFO] ImportTextPane:218 - (OptionalMessage_ERROR) IP (DMA) : Parameter (PeriphInc) has Id (TIM2_CH1) currently not set
2026-08-15 11:19:15,802 [INFO] ImportTextPane:218 - (OptionalMessage_ERROR) IP (DMA) : Parameter (MemInc) has Id (TIM2_CH1) currently not set
2026-08-15 11:19:15,802 [INFO] ImportTextPane:218 - (OptionalMessage_ERROR) IP (DMA) : Parameter (PeriphDataAlignment) has Id (TIM2_CH1) currently not set
2026-08-15 11:19:15,803 [INFO] ImportTextPane:218 - (OptionalMessage_ERROR) IP (DMA) : Parameter (MemDataAlignment) has Id (TIM2_CH1) currently not set
2026-08-15 11:19:15,803 [INFO] ImportTextPane:218 - (OptionalMessage_ERROR) IP (DMA) : Parameter (Mode) has Id (TIM2_CH1) currently not set
2026-08-15 11:19:15,803 [INFO] ImportTextPane:218 - (OptionalMessage_ERROR) IP (DMA) : Parameter (Priority) has Id (TIM2_CH1) currently not set
2026-08-15 11:19:15,803 [INFO] ImportTextPane:218 - (OptionalMessage_ERROR) IP (DMA) : Parameter (Instance) has Id (TIM3_CH1/TRIG) currently not set
2026-08-15 11:19:15,803 [INFO] ImportTextPane:218 - (OptionalMessage_ERROR) IP (DMA) : Parameter (Direction) has Id (TIM3_CH1/TRIG) currently not set
2026-08-15 11:19:15,803 [INFO] ImportTextPane:218 - (OptionalMessage_ERROR) IP (DMA) : Parameter (PeriphInc) has Id (TIM3_CH1/TRIG) currently not set
2026-08-15 11:19:15,803 [INFO] ImportTextPane:218 - (OptionalMessage_ERROR) IP (DMA) : Parameter (MemInc) has Id (TIM3_CH1/TRIG) currently not set
2026-08-15 11:19:15,803 [INFO] ImportTextPane:218 - (OptionalMessage_ERROR) IP (DMA) : Parameter (PeriphDataAlignment) has Id (TIM3_CH1/TRIG) currently not set
2026-08-15 11:19:15,803 [INFO] ImportTextPane:218 - (OptionalMessage_ERROR) IP (DMA) : Parameter (MemDataAlignment) has Id (TIM3_CH1/TRIG) currently not set
2026-08-15 11:19:15,803 [INFO] ImportTextPane:218 - (OptionalMessage_ERROR) IP (DMA) : Parameter (Mode) has Id (TIM3_CH1/TRIG) currently not set
2026-08-15 11:19:15,803 [INFO] ImportTextPane:218 - (OptionalMessage_ERROR) IP (DMA) : Parameter (Priority) has Id (TIM3_CH1/TRIG) currently not set
2026-08-15 11:19:15,803 [INFO] ImportTextPane:218 - (OptionalMessage_ERROR) IP (DMA) : Parameter (Instance) has Id (TIM4_CH1) currently not set
2026-08-15 11:19:15,803 [INFO] ImportTextPane:218 - (OptionalMessage_ERROR) IP (DMA) : Parameter (Direction) has Id (TIM4_CH1) currently not set
2026-08-15 11:19:15,803 [INFO] ImportTextPane:218 - (OptionalMessage_ERROR) IP (DMA) : Parameter (PeriphInc) has Id (TIM4_CH1) currently not set
2026-08-15 11:19:15,803 [INFO] ImportTextPane:218 - (OptionalMessage_ERROR) IP (DMA) : Parameter (MemInc) has Id (TIM4_CH1) currently not set
2026-08-15 11:19:15,803 [INFO] ImportTextPane:218 - (OptionalMessage_ERROR) IP (DMA) : Parameter (PeriphDataAlignment) has Id (TIM4_CH1) currently not set
2026-08-15 11:19:15,804 [INFO] ImportTextPane:218 - (OptionalMessage_ERROR) IP (DMA) : Parameter (MemDataAlignment) has Id (TIM4_CH1) currently not set
2026-08-15 11:19:15,804 [INFO] ImportTextPane:218 - (OptionalMessage_ERROR) IP (DMA) : Parameter (Mode) has Id (TIM4_CH1) currently not set
2026-08-15 11:19:15,804 [INFO] ImportTextPane:218 - (OptionalMessage_ERROR) IP (DMA) : Parameter (Priority) has Id (TIM4_CH1) currently not set
2026-08-15 11:19:15,806 [INFO] ImportTextPane:218 - (OptionalMessage_ERROR) IP (RCC) : Parameter (ADCFreqValue) has invalid value (36000000)
2026-08-15 11:19:15,806 [INFO] ImportTextPane:218 - (OptionalMessage_ERROR) IP (RCC) : Invalid parameter (FamilyName)
2026-08-15 11:19:15,807 [INFO] ImportTextPane:218 - (OptionalMessage_ERROR) IP (RCC) : Parameter (MCOFreq_Value) has invalid value (72000000)
2026-08-15 11:19:15,808 [INFO] ImportTextPane:218 - (OptionalMessage_ERROR) IP (RCC) : Parameter (USBFreq_Value) has invalid value (72000000)
2026-08-15 11:19:16,753 [INFO] ApiDb:581 - Connected to CubeFinder SQLite database (C:\Users\Admin\.stmcufinder\plugins\mcufinder\mcu\cube-finder-db.db)
2026-08-15 11:19:17,024 [INFO] ApiDb:668 - CubeFinder database Data Model version=2.1
2026-08-15 11:19:17,024 [INFO] ApiDb:669 - CubeFinder database Configuration version=3.0.42
2026-08-15 11:19:17,028 [INFO] ApiDb:670 - CubeFinder database generation date=2026-06-23 (1782213372)
2026-08-15 11:19:17,029 [INFO] ApiDb:671 - CubeFinder database FW Pack versions=[FP-ATR-ASTRA1_V2.0.0, FP-SNS-FLIGHT1_V5.1.0, FP-SNS-MOTENV1_V5.1.0, FP-SNS-MOTENVWB1_V1.5.0, FP-SNS-SMARTAG2_V1.2.0, FP-SNS-STBOX1_V2.1.0, STM32Cube_FW_C0_V1.4.0, STM32Cube_FW_F4_V1.28.3, STM32Cube_FW_F7_V1.17.4, STM32Cube_FW_G0_V1.6.3, STM32Cube_FW_G4_V1.6.2, STM32Cube_FW_H5_V1.7.0, STM32Cube_FW_H7RS_V1.3.0, STM32Cube_FW_H7_V1.13.0, STM32Cube_FW_L0_V1.12.2, STM32Cube_FW_L4_V1.18.2, STM32Cube_FW_L5_V1.6.0, STM32Cube_FW_N6_V1.4.0, STM32Cube_FW_U0_V1.3.0, STM32Cube_FW_U3_V1.4.0, STM32Cube_FW_U5_V1.9.0, STM32Cube_FW_WB0_V1.5.0, STM32Cube_FW_WBA_V1.10.0, STM32Cube_FW_WB_V1.24.0, STM32Cube_FW_WL3_V1.5.0, STM32Cube_FW_WL_V1.6.0, X-CUBE-ALGOBUILD_V1.5.0, X-CUBE-ALS_V1.0.2, X-CUBE-AZRTOS-F4_V1.1.0, X-CUBE-AZRTOS-F7_V1.1.0, X-CUBE-AZRTOS-G0_V1.1.0, X-CUBE-AZRTOS-G4_V2.0.0, X-CUBE-AZRTOS-H7RS_V1.1.0, X-CUBE-AZRTOS-H7_V3.5.0, X-CUBE-AZRTOS-L4_V2.0.0, X-CUBE-AZRTOS-L5_V2.0.0, X-CUBE-AZRTOS-WB_V2.0.0, X-CUBE-AZRTOS-WL_V2.0.0, X-CUBE-BLE1_V7.1.0, X-CUBE-BLE2_V3.3.0, X-CUBE-BLEMGR_V4.1.0, X-CUBE-EEPRMA1_V5.2.0, X-CUBE-FREERTOS_V1.5.0, X-CUBE-GNSS1_V7.1.1, X-CUBE-MEMS1_V12.1.0, X-CUBE-NFC4_V3.0.0, X-CUBE-NFC7_V2.0.0, X-CUBE-SFXS2LP1_V4.0.0, X-CUBE-ST67W61_V1.3.0, X-CUBE-SUBG2_V5.0.0, X-CUBE-TOF1_V3.4.3]
2026-08-15 11:19:17,305 [INFO] DbBoardsSqlite:226 - include board P-NUCLEO-WB55-NUCLEO as a kit item of type 'Nucleo-64'
2026-08-15 11:19:17,305 [INFO] DbBoardsSqlite:226 - include board P-NUCLEO-WB55-USBDONGLE as a kit item of type 'Nucleo USB Dongle'
2026-08-15 11:19:17,307 [INFO] DbBoardsSqlite:226 - include board STEVAL-IDP005V1 as a kit item of type 'Evaluation Board'
2026-08-15 11:19:17,308 [INFO] DbBoardsSqlite:226 - include board STEVAL-IDP005V2 as a kit item of type 'Evaluation Board'
2026-08-15 11:19:18,452 [INFO] ApiDb:240 - Found 895 in-development CPN: [B-G473E-ZEST1S, B-WB1M-WPAN1, B-WBA5M-WPAN, B-WL5M-SUBG1, NUCLEO-C031C6, NUCLEO-C051C8, NUCLEO-C071RB, NUCLEO-C092RC, NUCLEO-H503RB, NUCLEO-H533RE, NUCLEO-H563ZI, NUCLEO-H7S3L8, NUCLEO-N657X0-Q, NUCLEO-U031R8, NUCLEO-U083RC, NUCLEO-U385RG-Q, NUCLEO-U545RE-Q, NUCLEO-U5A5ZJ-Q, NUCLEO-WB05KZ, NUCLEO-WB07CC, NUCLEO-WB09KE, NUCLEO-WBA52CG, NUCLEO-WBA55CG, NUCLEO-WBA65RI, NUCLEO-WL33CC1, NUCLEO-WL33CC2, STEVAL-PROTEUS1, STEVAL-SMARTAG2, STEVAL-STWINBX1, STM320518-EVAL, STM32C0116-DK, STM32C011D6Y3TR, STM32C011D6Y6TR, STM32C011F4P3, STM32C011F4P6, STM32C011F4U3, STM32C011F4U6TR, STM32C011F6P3, STM32C011F6P6, STM32C011F6U3, STM32C011F6U6TR, STM32C011J4M3, STM32C011J4M6, STM32C011J6M3, STM32C011J6M6, STM32C0316-DK, STM32C031C4T3, STM32C031C4T6, STM32C031C4U3, STM32C031C4U6, STM32C031C6T3, STM32C031C6T6, STM32C031C6U3, STM32C031C6U6, STM32C031F4P3, STM32C031F4P6, STM32C031F6P3, STM32C031F6P6, STM32C031G4U3, STM32C031G4U6, STM32C031G6U3, STM32C031G6U6, STM32C031K4T3, STM32C031K4T6, STM32C031K4U3, STM32C031K4U6, STM32C031K6T3, STM32C031K6T6, STM32C031K6U3, STM32C031K6U6, STM32C051C6T6, STM32C051C6U6, STM32C051C8T6, STM32C051C8U6, STM32C051D8Y6TR, STM32C051F6P6, STM32C051F8P6, STM32C051G6U6, STM32C051G8U6, STM32C051K6T6, STM32C051K6U6, STM32C051K8T6, STM32C071C8T6, STM32C071C8T6N, STM32C071C8U6, STM32C071C8U6N, STM32C071CBT6, STM32C071CBT6N, STM32C071CBU6, STM32C071CBU6N, STM32C071F8P6, STM32C071F8P6N, STM32C071FBP6, STM32C071FBP6N, STM32C071FBY6TR, STM32C071G8U6, STM32C071G8U6N, STM32C071GBU6, STM32C071GBU6N, STM32C071K8T6, STM32C071K8T6N, STM32C071K8U6, STM32C071K8U6N, STM32C071KBT6, STM32C071KBT6N, STM32C071KBU6, STM32C071KBU6N, STM32C071R8T6, STM32C071R8T6N, STM32C071RBI6N, STM32C071RBT6, STM32C071RBT6N, STM32C091CBT6, STM32C091CBU6, STM32C091CCT6, STM32C091CCU6, STM32C091ECY6TR, STM32C091FBP6, STM32C091FCP6, STM32C091GBU6, STM32C091GCU6, STM32C091KBT6, STM32C091KBU6, STM32C091KCT6, STM32C091KCU6, STM32C091RBT6, STM32C091RCI6, STM32C091RCT6, STM32C092CBT6, STM32C092CBU6, STM32C092CCT6, STM32C092CCU6, STM32C092ECY6TR, STM32C092FBP6, STM32C092FCP6, STM32C092GBU6, STM32C092GCU6, STM32C092KBT6, STM32C092KBU6, STM32C092KCT6, STM32C092KCU6, STM32C092RBT6, STM32C092RCI6, STM32C092RCT6, STM32G071K8TXN, STM32G071K8UXN, STM32G081GBU6N, STM32G081KBT6N, STM32G081KBUXN, STM32G0B1CCT6N, STM32G0B1KCT6, STM32G0B1NEY6TR, STM32G0B1RCT6N, STM32G0C1CCT6, STM32G0C1CCT6N, STM32G0C1CCU6N, STM32G0C1CET6N, STM32G0C1CEU6N, STM32G0C1KCT6, STM32G0C1NEY6TR, STM32G0C1RCI6N, STM32G0C1RCT6N, STM32G0C1REI6N, STM32G0C1RET6N, STM32G0C1VCI6, STM32G0C1VEI6, STM32G411C6T3, STM32G411C6T6, STM32G411C6U3, STM32G411C6U6, STM32G411C8T3, STM32G411C8T6, STM32G411C8U3, STM32G411C8U6, STM32G411CBT3, STM32G411CBT6, STM32G411CBU3, STM32G411CBU6, STM32G411CCT3, STM32G411CCT6, STM32G411CCU3, STM32G411CCU6, STM32G411K6T3, STM32G411K6T6, STM32G411K6U3, STM32G411K6U6, STM32G411K8T3, STM32G411K8T6, STM32G411K8U3, STM32G411K8U6, STM32G411KBT3, STM32G411KBT6, STM32G411KBU3, STM32G411KBU6, STM32G411M6T3, STM32G411M6T6, STM32G411M8T3, STM32G411M8T6, STM32G411MBT3, STM32G411MBT6, STM32G411MCT3, STM32G411MCT6, STM32G411R6T3, STM32G411R6T6, STM32G411R8T3, STM32G411R8T6, STM32G411RBT3, STM32G411RBT6, STM32G411RCT3, STM32G411RCT6, STM32G414CBT3, STM32G414CBT6, STM32G414CBU3, STM32G414CBU6, STM32G414CCT3, STM32G414CCT6, STM32G414CCU3, STM32G414CCU6, STM32G414MBT3, STM32G414MBT6, STM32G414MCT3, STM32G414MCT6, STM32G414RBT3, STM32G414RBT6, STM32G414RCT3, STM32G414RCT6, STM32G414VBT3, STM32G414VBT6, STM32G414VCT3, STM32G414VCT6, STM32G431CBT3Z, STM32G431RBT3Z, STM32G471CCT6, STM32G471CCU6, STM32G471CET3, STM32G471CET6, STM32G471CEU3, STM32G471CEU6, STM32G471MCT6, STM32G471MET3, STM32G471MET6, STM32G471MEY6TR, STM32G471QCT6, STM32G471QET3, STM32G471RCT6, STM32G471RET3, STM32G471RET6, STM32G471VCH6, STM32G471VCI6, STM32G471VCT6, STM32G471VEH3, STM32G471VEH6, STM32G471VEI3, STM32G471VEI6, STM32G471VET3, STM32G471VET6, STM32G473QET3Z, STM32G473RET3Z, STM32G474CCT6, STM32G491RET3Z, STM32H503CBT6, STM32H503CBU6, STM32H503EBY6TR, STM32H503KBU6, STM32H503RBT6, STM32H523CCT6, STM32H523CCU6, STM32H523CET6, STM32H523CEU6, STM32H523HEY6TR, STM32H523RCT6, STM32H523RET6, STM32H523VCI6, STM32H523VCT6, STM32H523VEI6, STM32H523VET6, STM32H523ZCJ6, STM32H523ZCT6, STM32H523ZEJ6, STM32H523ZET6, STM32H533CET6, STM32H533CEU6, STM32H533HEY6TR, STM32H533RET6, STM32H533VEI6, STM32H533VET6, STM32H533ZEJ6, STM32H533ZET6, STM32H562AGI6, STM32H562AII6, STM32H562IGK6, STM32H562IGT6, STM32H562IIK6, STM32H562IIT6, STM32H562RGT6, STM32H562RGV6, STM32H562RIT6, STM32H562RIV6, STM32H562VGT6, STM32H562VIT6, STM32H562ZGT6, STM32H562ZIT6, STM32H563AGI6, STM32H563AII3Q, STM32H563AII6, STM32H563IGK6, STM32H563IGT6, STM32H563IIK3Q, STM32H563IIK6, STM32H563IIT3Q, STM32H563IIT6, STM32H563MIY3QTR, STM32H563RGT6, STM32H563RGV6, STM32H563RIT6, STM32H563RIV6, STM32H563VGT6, STM32H563VIT3Q, STM32H563VIT6, STM32H563ZGT6, STM32H563ZIT3Q, STM32H563ZIT6, STM32H573AII3Q, STM32H573AII6, STM32H573I-DK, STM32H573IIK3Q, STM32H573IIK6, STM32H573IIT3Q, STM32H573IIT6, STM32H573MIY3QTR, STM32H573RIT6, STM32H573RIV6, STM32H573VIT3Q, STM32H573VIT6, STM32H573ZIT3Q, STM32H573ZIT6, STM32H7R3A8I6, STM32H7R3I8K6, STM32H7R3I8T6, STM32H7R3L8H6, STM32H7R3L8H6H, STM32H7R3R8V6, STM32H7R3V8H6, STM32H7R3V8T6, STM32H7R3V8Y6TR, STM32H7R3Z8J6, STM32H7R3Z8T6, STM32H7R7A8I6, STM32H7R7I8K6, STM32H7R7I8T6, STM32H7R7L8H6, STM32H7R7L8H6H, STM32H7R7Z8J6, STM32H7S3A8I6, STM32H7S3I8K6, STM32H7S3I8T6, STM32H7S3L8H6, STM32H7S3L8H6H, STM32H7S3R8V6, STM32H7S3V8H6, STM32H7S3V8T6, STM32H7S3V8Y6TR, STM32H7S3Z8J6, STM32H7S3Z8T6, STM32H7S78-DK, STM32H7S7A8I6, STM32H7S7I8K6, STM32H7S7I8T6, STM32H7S7L8H6, STM32H7S7L8H6H, STM32H7S7Z8J6, STM32L4R5QGI6STR, STM32MP131AAE3, STM32MP131AAF3, STM32MP131AAG3, STM32MP131CAE3, STM32MP131CAF3, STM32MP131CAG3, STM32MP131DAE7, STM32MP131DAF7, STM32MP131DAG7, STM32MP131FAE7, STM32MP131FAF7, STM32MP131FAG7, STM32MP133AAE3, STM32MP133AAF3, STM32MP133AAG3, STM32MP133CAE3, STM32MP133CAF3, STM32MP133CAG3, STM32MP133DAE7, STM32MP133DAF7, STM32MP133DAG7, STM32MP133FAE7, STM32MP133FAF7, STM32MP133FAG7, STM32MP135AAE3, STM32MP135AAF3, STM32MP135AAG3, STM32MP135CAE3, STM32MP135CAF3, STM32MP135CAG3, STM32MP135DAE7, STM32MP135DAF7, STM32MP135DAG7, STM32MP135F-DK, STM32MP135FAE7, STM32MP135FAF7, STM32MP135FAF7T, STM32MP135FAF7U, STM32MP135FAG7, STM32MP231AAJ3, STM32MP231AAK3, STM32MP231AAL3, STM32MP231CAJ3, STM32MP231CAK3, STM32MP231CAL3, STM32MP231DAJ3, STM32MP231DAK3, STM32MP231DAL3, STM32MP231FAJ3, STM32MP231FAK3, STM32MP231FAL3, STM32MP233AAJ3, STM32MP233AAK3, STM32MP233AAL3, STM32MP233CAJ3, STM32MP233CAK3, STM32MP233CAL3, STM32MP233DAJ3, STM32MP233DAK3, STM32MP233DAL3, STM32MP233FAJ3, STM32MP233FAK3, STM32MP233FAL3, STM32MP235AAJ3, STM32MP235AAK3, STM32MP235AAL3, STM32MP235CAJ3, STM32MP235CAK3, STM32MP235CAL3, STM32MP235DAJ3, STM32MP235DAK3, STM32MP235DAL3, STM32MP235FAJ3, STM32MP235FAK3, STM32MP235FAL3, STM32MP251AAI3, STM32MP251AAJ3, STM32MP251AAK3, STM32MP251AAL3, STM32MP251CAI3, STM32MP251CAJ3, STM32MP251CAK3, STM32MP251CAL3, STM32MP251DAI3, STM32MP251DAJ3, STM32MP251DAK3, STM32MP251DAL3, STM32MP251FAI3, STM32MP251FAJ3, STM32MP251FAK3, STM32MP251FAL3, STM32MP253AAI3, STM32MP253AAJ3, STM32MP253AAK3, STM32MP253AAL3, STM32MP253CAI3, STM32MP253CAJ3, STM32MP253CAK3, STM32MP253CAL3, STM32MP253DAI3, STM32MP253DAJ3, STM32MP253DAK3, STM32MP253DAL3, STM32MP253FAI3, STM32MP253FAJ3, STM32MP253FAK3, STM32MP253FAL3, STM32MP255AAI3, STM32MP255AAJ3, STM32MP255AAK3, STM32MP255AAL3, STM32MP255CAI3, STM32MP255CAJ3, STM32MP255CAK3, STM32MP255CAL3, STM32MP255DAI3, STM32MP255DAJ3, STM32MP255DAK3, STM32MP255DAL3, STM32MP255FAI3, STM32MP255FAJ3, STM32MP255FAK3, STM32MP255FAL3, STM32MP257AAI3, STM32MP257AAJ3, STM32MP257AAK3, STM32MP257AAL3, STM32MP257CAI3, STM32MP257CAJ3, STM32MP257CAK3, STM32MP257CAL3, STM32MP257DAI3, STM32MP257DAJ3, STM32MP257DAK3, STM32MP257DAL3, STM32MP257F-DK, STM32MP257F-EV1, STM32MP257FAI3, STM32MP257FAJ3, STM32MP257FAK3, STM32MP257FAL3, STM32N645A0H3Q, STM32N645B0H3Q, STM32N645I0H3Q, STM32N645L0H3Q, STM32N645X0H3Q, STM32N645Z0H3Q, STM32N647A0H3Q, STM32N647B0H3Q, STM32N647I0H3Q, STM32N647L0H3Q, STM32N647X0H3Q, STM32N647Z0H3Q, STM32N655A0H3Q, STM32N655B0H3Q, STM32N655I0H3Q, STM32N655L0H3Q, STM32N655X0H3Q, STM32N655Z0H3Q, STM32N6570-DK, STM32N657A0H3Q, STM32N657B0H3Q, STM32N657I0H3Q, STM32N657L0H3Q, STM32N657X0H3Q, STM32N657Z0H3Q, STM32U031C6T6, STM32U031C6U6, STM32U031C8T6, STM32U031C8U6, STM32U031F4P6, STM32U031F6P6, STM32U031F8P6, STM32U031G6Y6TR, STM32U031G8Y6TR, STM32U031K4U6, STM32U031K6U6, STM32U031K8U6, STM32U031R6I6, STM32U031R6T6, STM32U031R8I6, STM32U031R8T6, STM32U073C8T6, STM32U073C8U6, STM32U073CBT6, STM32U073CBU6, STM32U073CCT6, STM32U073CCU6, STM32U073H8Y6TR, STM32U073HBY6TR, STM32U073HCY6TR, STM32U073K8U6, STM32U073KBU6, STM32U073KCU6, STM32U073M8I6, STM32U073M8T6, STM32U073MBI6, STM32U073MBT6, STM32U073MCI6, STM32U073MCT6, STM32U073R8I6, STM32U073R8T6, STM32U073RBI6, STM32U073RBT6, STM32U073RCI6, STM32U073RCT6, STM32U083C-DK, STM32U083CCT6, STM32U083CCU6, STM32U083HCY6TR, STM32U083KCU6, STM32U083MCI6, STM32U083MCT6, STM32U083RCI6, STM32U083RCT6, STM32U375CET6, STM32U375CET6Q, STM32U375CEU6, STM32U375CEU6Q, STM32U375CEY6QTR, STM32U375CGT6, STM32U375CGT6Q, STM32U375CGU6, STM32U375CGU6Q, STM32U375CGY6QTR, STM32U375KEU6, STM32U375KGU6, STM32U375REI6, STM32U375REI6Q, STM32U375RET6, STM32U375RET6Q, STM32U375REY6GTR, STM32U375REY6QTR, STM32U375RGI6, STM32U375RGI6Q, STM32U375RGT6, STM32U375RGT6Q, STM32U375RGY6GTR, STM32U375RGY6QTR, STM32U375VEI6, STM32U375VEI6Q, STM32U375VET6, STM32U375VET6Q, STM32U375VGI6, STM32U375VGI6Q, STM32U375VGT6, STM32U375VGT6Q, STM32U385CGT6, STM32U385CGT6Q, STM32U385CGU6, STM32U385CGU6Q, STM32U385CGY6QTR, STM32U385KGU6, STM32U385RGI6, STM32U385RGI6Q, STM32U385RGT6, STM32U385RGT6Q, STM32U385RGY6GTR, STM32U385RGY6QTR, STM32U385VGI6, STM32U385VGI6Q, STM32U385VGT6, STM32U385VGT6Q, STM32U535CBT6, STM32U535CBT6Q, STM32U535CBU6, STM32U535CBU6Q, STM32U535CCT6, STM32U535CCT6Q, STM32U535CCU6, STM32U535CCU6Q, STM32U535CET6, STM32U535CET6Q, STM32U535CEU6, STM32U535CEU6Q, STM32U535JEY6QTR, STM32U535NCY6QTR, STM32U535NEY6QTR, STM32U535RBI6, STM32U535RBI6Q, STM32U535RBT6, STM32U535RBT6Q, STM32U535RCI6, STM32U535RCI6Q, STM32U535RCT6, STM32U535RCT6Q, STM32U535REI6, STM32U535REI6Q, STM32U535RET6, STM32U535RET6Q, STM32U535VCI6, STM32U535VCI6Q, STM32U535VCT6, STM32U535VCT6Q, STM32U535VEI6, STM32U535VEI6Q, STM32U535VET6, STM32U535VET6Q, STM32U545CET6, STM32U545CET6Q, STM32U545CEU6, STM32U545CEU6Q, STM32U545JEY6QTR, STM32U545NEY6QTR, STM32U545REI6, STM32U545REI6Q, STM32U545RET6, STM32U545RET6Q, STM32U545VEI6, STM32U545VEI6Q, STM32U545VET6, STM32U545VET6Q, STM32U595AIH6, STM32U595AIH6Q, STM32U595AJH6, STM32U595AJH6Q, STM32U595QII6, STM32U595QII6Q, STM32U595QJI6, STM32U595QJI6Q, STM32U595RIT6, STM32U595RIT6Q, STM32U595RJT6, STM32U595RJT6Q, STM32U595VIT6, STM32U595VIT6Q, STM32U595VJT6, STM32U595VJT6Q, STM32U595ZIT6, STM32U595ZIT6Q, STM32U595ZIY6QTR, STM32U595ZJT6, STM32U595ZJT6Q, STM32U595ZJY6QTR, STM32U599BJY6QTR, STM32U599NIH6Q, STM32U599NJH6Q, STM32U599VIT6Q, STM32U599VJT6, STM32U599VJT6Q, STM32U599ZIT6Q, STM32U599ZIY6QTR, STM32U599ZJT6Q, STM32U599ZJY6QTR, STM32U5A5AJH6, STM32U5A5AJH6Q, STM32U5A5QII3Q , STM32U5A5QJI6, STM32U5A5QJI6Q, STM32U5A5RJT6, STM32U5A5RJT6Q, STM32U5A5VJT6, STM32U5A5VJT6Q, STM32U5A5ZJT6, STM32U5A5ZJT6Q, STM32U5A5ZJY6QTR, STM32U5A9BJY6QTR, STM32U5A9J-DK, STM32U5A9NJH6Q, STM32U5A9VJT6Q, STM32U5A9ZJT6Q, STM32U5A9ZJY6QTR, STM32U5F7VIT6, STM32U5F7VIT6Q, STM32U5F7VJT6, STM32U5F7VJT6Q, STM32U5F9BJY6QTR, STM32U5F9NJH6Q, STM32U5F9VIT6Q, STM32U5F9VJT6Q, STM32U5F9ZIJ6QTR, STM32U5F9ZIT6Q, STM32U5F9ZJJ6QTR, STM32U5F9ZJT6Q, STM32U5G7VJT6, STM32U5G7VJT6Q, STM32U5G9BJY6QTR, STM32U5G9J-DK1, STM32U5G9J-DK2, STM32U5G9NJH6Q, STM32U5G9VJT6Q, STM32U5G9ZJJ6QTR, STM32U5G9ZJT6Q, STM32WB05KZV6TR, STM32WB05KZV7TR, STM32WB05TZF6TR, STM32WB05TZF7TR, STM32WB06CCF6TR, STM32WB06CCF7TR, STM32WB06CCV6TR, STM32WB06CCV7TR, STM32WB06KCV6TR, STM32WB06KCV7TR, STM32WB07CCF6TR, STM32WB07CCF7TR, STM32WB07CCV6TR, STM32WB07CCV7TR, STM32WB07KCV6TR, STM32WB07KCV7TR, STM32WB09KEV6TR, STM32WB09KEV7TR, STM32WB09TEF6TR, STM32WB09TEF7TR, STM32WB1MMCH6, STM32WBA50KGU6, STM32WBA50KGU6TR, STM32WBA52CEU6, STM32WBA52CEU6TR, STM32WBA52CEU7, STM32WBA52CEU7TR, STM32WBA52CGU6, STM32WBA52CGU6TR, STM32WBA52CGU6U, STM32WBA52CGU7, STM32WBA52CGU7TR, STM32WBA52KEU6, STM32WBA52KEU6TR, STM32WBA52KGU6, STM32WBA52KGU6TR, STM32WBA54CEU6, STM32WBA54CEU6TR, STM32WBA54CEU7, STM32WBA54CEU7TR, STM32WBA54CGU6, STM32WBA54CGU6TR, STM32WBA54CGU7, STM32WBA54CGU7TR, STM32WBA54KEU6, STM32WBA54KEU6TR, STM32WBA54KEU7, STM32WBA54KEU7TR, STM32WBA54KGU6, STM32WBA54KGU6TR, STM32WBA54KGU7, STM32WBA54KGU7TR, STM32WBA55CEU6, STM32WBA55CEU6TR, STM32WBA55CEU7, STM32WBA55CEU7TR, STM32WBA55CGU6, STM32WBA55CGU6TR, STM32WBA55CGU6U, STM32WBA55CGU7, STM32WBA55CGU7TR, STM32WBA55G-DK1, STM32WBA55HEF6, STM32WBA55HEF7, STM32WBA55HGF6, STM32WBA55HGF7, STM32WBA55UEI6, STM32WBA55UEI6TR, STM32WBA55UEI7, STM32WBA55UEI7TR, STM32WBA55UGI6, STM32WBA55UGI6TR, STM32WBA55UGI7, STM32WBA55UGI7TR, STM32WBA5MJGH6TR, STM32WBA62CGU6, STM32WBA62CIU6, STM32WBA62MGF6, STM32WBA62MIF6, STM32WBA62PGI6, STM32WBA62PII6, STM32WBA63CGU6, STM32WBA63CGU7, STM32WBA63CIU6, STM32WBA63CIU7, STM32WBA64CGU6, STM32WBA64CGU7, STM32WBA64CIU6, STM32WBA64CIU7, STM32WBA65CGU6, STM32WBA65CGU7, STM32WBA65CIU6, STM32WBA65CIU7, STM32WBA65I-DK1, STM32WBA65MGF6, STM32WBA65MGF7, STM32WBA65MIF6, STM32WBA65MIF7, STM32WBA65PGI6, STM32WBA65PGI7, STM32WBA65PII6, STM32WBA65PII7, STM32WBA65RGV6, STM32WBA65RGV7, STM32WBA65RIV6, STM32WBA65RIV7, STM32WL30K8V6, STM32WL30KBV6, STM32WL31C8V6, STM32WL31CBV6, STM32WL31K8V6, STM32WL31KBV6, STM32WL33C8V6, STM32WL33C8V6TR, STM32WL33C8V7, STM32WL33C8V7TR, STM32WL33CBV6, STM32WL33CBV6TR, STM32WL33CBV7, STM32WL33CBV7TR, STM32WL33CCV6, STM32WL33CCV6TR, STM32WL33CCV7, STM32WL33CCV7A, STM32WL33CCV7ATR, STM32WL33CCV7TR, STM32WL33K8V6, STM32WL33K8V6TR, STM32WL33K8V7, STM32WL33K8V7TR, STM32WL33KBV6, STM32WL33KBV6TR, STM32WL33KBV7, STM32WL33KBV7TR, STM32WL33KCV6, STM32WL33KCV6TR, STM32WL33KCV7, STM32WL33KCV7TR, STM32WL5MOCH6, STM32WL5MOCH6TR]
2026-08-15 11:19:18,467 [INFO] ApiDb:668 - CubeFinder database Data Model version=2.1
2026-08-15 11:19:18,467 [INFO] ApiDb:669 - CubeFinder database Configuration version=3.0.42
2026-08-15 11:19:18,468 [INFO] ApiDb:670 - CubeFinder database generation date=2026-06-23 (1782213372)
2026-08-15 11:19:18,468 [INFO] ApiDb:671 - CubeFinder database FW Pack versions=[FP-ATR-ASTRA1_V2.0.0, FP-SNS-FLIGHT1_V5.1.0, FP-SNS-MOTENV1_V5.1.0, FP-SNS-MOTENVWB1_V1.5.0, FP-SNS-SMARTAG2_V1.2.0, FP-SNS-STBOX1_V2.1.0, STM32Cube_FW_C0_V1.4.0, STM32Cube_FW_F4_V1.28.3, STM32Cube_FW_F7_V1.17.4, STM32Cube_FW_G0_V1.6.3, STM32Cube_FW_G4_V1.6.2, STM32Cube_FW_H5_V1.7.0, STM32Cube_FW_H7RS_V1.3.0, STM32Cube_FW_H7_V1.13.0, STM32Cube_FW_L0_V1.12.2, STM32Cube_FW_L4_V1.18.2, STM32Cube_FW_L5_V1.6.0, STM32Cube_FW_N6_V1.4.0, STM32Cube_FW_U0_V1.3.0, STM32Cube_FW_U3_V1.4.0, STM32Cube_FW_U5_V1.9.0, STM32Cube_FW_WB0_V1.5.0, STM32Cube_FW_WBA_V1.10.0, STM32Cube_FW_WB_V1.24.0, STM32Cube_FW_WL3_V1.5.0, STM32Cube_FW_WL_V1.6.0, X-CUBE-ALGOBUILD_V1.5.0, X-CUBE-ALS_V1.0.2, X-CUBE-AZRTOS-F4_V1.1.0, X-CUBE-AZRTOS-F7_V1.1.0, X-CUBE-AZRTOS-G0_V1.1.0, X-CUBE-AZRTOS-G4_V2.0.0, X-CUBE-AZRTOS-H7RS_V1.1.0, X-CUBE-AZRTOS-H7_V3.5.0, X-CUBE-AZRTOS-L4_V2.0.0, X-CUBE-AZRTOS-L5_V2.0.0, X-CUBE-AZRTOS-WB_V2.0.0, X-CUBE-AZRTOS-WL_V2.0.0, X-CUBE-BLE1_V7.1.0, X-CUBE-BLE2_V3.3.0, X-CUBE-BLEMGR_V4.1.0, X-CUBE-EEPRMA1_V5.2.0, X-CUBE-FREERTOS_V1.5.0, X-CUBE-GNSS1_V7.1.1, X-CUBE-MEMS1_V12.1.0, X-CUBE-NFC4_V3.0.0, X-CUBE-NFC7_V2.0.0, X-CUBE-SFXS2LP1_V4.0.0, X-CUBE-ST67W61_V1.3.0, X-CUBE-SUBG2_V5.0.0, X-CUBE-TOF1_V3.4.3]
2026-08-15 11:19:22,793 [INFO] ApiDb:240 - Found 895 in-development CPN: [B-G473E-ZEST1S, B-WB1M-WPAN1, B-WBA5M-WPAN, B-WL5M-SUBG1, NUCLEO-C031C6, NUCLEO-C051C8, NUCLEO-C071RB, NUCLEO-C092RC, NUCLEO-H503RB, NUCLEO-H533RE, NUCLEO-H563ZI, NUCLEO-H7S3L8, NUCLEO-N657X0-Q, NUCLEO-U031R8, NUCLEO-U083RC, NUCLEO-U385RG-Q, NUCLEO-U545RE-Q, NUCLEO-U5A5ZJ-Q, NUCLEO-WB05KZ, NUCLEO-WB07CC, NUCLEO-WB09KE, NUCLEO-WBA52CG, NUCLEO-WBA55CG, NUCLEO-WBA65RI, NUCLEO-WL33CC1, NUCLEO-WL33CC2, STEVAL-PROTEUS1, STEVAL-SMARTAG2, STEVAL-STWINBX1, STM320518-EVAL, STM32C0116-DK, STM32C011D6Y3TR, STM32C011D6Y6TR, STM32C011F4P3, STM32C011F4P6, STM32C011F4U3, STM32C011F4U6TR, STM32C011F6P3, STM32C011F6P6, STM32C011F6U3, STM32C011F6U6TR, STM32C011J4M3, STM32C011J4M6, STM32C011J6M3, STM32C011J6M6, STM32C0316-DK, STM32C031C4T3, STM32C031C4T6, STM32C031C4U3, STM32C031C4U6, STM32C031C6T3, STM32C031C6T6, STM32C031C6U3, STM32C031C6U6, STM32C031F4P3, STM32C031F4P6, STM32C031F6P3, STM32C031F6P6, STM32C031G4U3, STM32C031G4U6, STM32C031G6U3, STM32C031G6U6, STM32C031K4T3, STM32C031K4T6, STM32C031K4U3, STM32C031K4U6, STM32C031K6T3, STM32C031K6T6, STM32C031K6U3, STM32C031K6U6, STM32C051C6T6, STM32C051C6U6, STM32C051C8T6, STM32C051C8U6, STM32C051D8Y6TR, STM32C051F6P6, STM32C051F8P6, STM32C051G6U6, STM32C051G8U6, STM32C051K6T6, STM32C051K6U6, STM32C051K8T6, STM32C071C8T6, STM32C071C8T6N, STM32C071C8U6, STM32C071C8U6N, STM32C071CBT6, STM32C071CBT6N, STM32C071CBU6, STM32C071CBU6N, STM32C071F8P6, STM32C071F8P6N, STM32C071FBP6, STM32C071FBP6N, STM32C071FBY6TR, STM32C071G8U6, STM32C071G8U6N, STM32C071GBU6, STM32C071GBU6N, STM32C071K8T6, STM32C071K8T6N, STM32C071K8U6, STM32C071K8U6N, STM32C071KBT6, STM32C071KBT6N, STM32C071KBU6, STM32C071KBU6N, STM32C071R8T6, STM32C071R8T6N, STM32C071RBI6N, STM32C071RBT6, STM32C071RBT6N, STM32C091CBT6, STM32C091CBU6, STM32C091CCT6, STM32C091CCU6, STM32C091ECY6TR, STM32C091FBP6, STM32C091FCP6, STM32C091GBU6, STM32C091GCU6, STM32C091KBT6, STM32C091KBU6, STM32C091KCT6, STM32C091KCU6, STM32C091RBT6, STM32C091RCI6, STM32C091RCT6, STM32C092CBT6, STM32C092CBU6, STM32C092CCT6, STM32C092CCU6, STM32C092ECY6TR, STM32C092FBP6, STM32C092FCP6, STM32C092GBU6, STM32C092GCU6, STM32C092KBT6, STM32C092KBU6, STM32C092KCT6, STM32C092KCU6, STM32C092RBT6, STM32C092RCI6, STM32C092RCT6, STM32G071K8TXN, STM32G071K8UXN, STM32G081GBU6N, STM32G081KBT6N, STM32G081KBUXN, STM32G0B1CCT6N, STM32G0B1KCT6, STM32G0B1NEY6TR, STM32G0B1RCT6N, STM32G0C1CCT6, STM32G0C1CCT6N, STM32G0C1CCU6N, STM32G0C1CET6N, STM32G0C1CEU6N, STM32G0C1KCT6, STM32G0C1NEY6TR, STM32G0C1RCI6N, STM32G0C1RCT6N, STM32G0C1REI6N, STM32G0C1RET6N, STM32G0C1VCI6, STM32G0C1VEI6, STM32G411C6T3, STM32G411C6T6, STM32G411C6U3, STM32G411C6U6, STM32G411C8T3, STM32G411C8T6, STM32G411C8U3, STM32G411C8U6, STM32G411CBT3, STM32G411CBT6, STM32G411CBU3, STM32G411CBU6, STM32G411CCT3, STM32G411CCT6, STM32G411CCU3, STM32G411CCU6, STM32G411K6T3, STM32G411K6T6, STM32G411K6U3, STM32G411K6U6, STM32G411K8T3, STM32G411K8T6, STM32G411K8U3, STM32G411K8U6, STM32G411KBT3, STM32G411KBT6, STM32G411KBU3, STM32G411KBU6, STM32G411M6T3, STM32G411M6T6, STM32G411M8T3, STM32G411M8T6, STM32G411MBT3, STM32G411MBT6, STM32G411MCT3, STM32G411MCT6, STM32G411R6T3, STM32G411R6T6, STM32G411R8T3, STM32G411R8T6, STM32G411RBT3, STM32G411RBT6, STM32G411RCT3, STM32G411RCT6, STM32G414CBT3, STM32G414CBT6, STM32G414CBU3, STM32G414CBU6, STM32G414CCT3, STM32G414CCT6, STM32G414CCU3, STM32G414CCU6, STM32G414MBT3, STM32G414MBT6, STM32G414MCT3, STM32G414MCT6, STM32G414RBT3, STM32G414RBT6, STM32G414RCT3, STM32G414RCT6, STM32G414VBT3, STM32G414VBT6, STM32G414VCT3, STM32G414VCT6, STM32G431CBT3Z, STM32G431RBT3Z, STM32G471CCT6, STM32G471CCU6, STM32G471CET3, STM32G471CET6, STM32G471CEU3, STM32G471CEU6, STM32G471MCT6, STM32G471MET3, STM32G471MET6, STM32G471MEY6TR, STM32G471QCT6, STM32G471QET3, STM32G471RCT6, STM32G471RET3, STM32G471RET6, STM32G471VCH6, STM32G471VCI6, STM32G471VCT6, STM32G471VEH3, STM32G471VEH6, STM32G471VEI3, STM32G471VEI6, STM32G471VET3, STM32G471VET6, STM32G473QET3Z, STM32G473RET3Z, STM32G474CCT6, STM32G491RET3Z, STM32H503CBT6, STM32H503CBU6, STM32H503EBY6TR, STM32H503KBU6, STM32H503RBT6, STM32H523CCT6, STM32H523CCU6, STM32H523CET6, STM32H523CEU6, STM32H523HEY6TR, STM32H523RCT6, STM32H523RET6, STM32H523VCI6, STM32H523VCT6, STM32H523VEI6, STM32H523VET6, STM32H523ZCJ6, STM32H523ZCT6, STM32H523ZEJ6, STM32H523ZET6, STM32H533CET6, STM32H533CEU6, STM32H533HEY6TR, STM32H533RET6, STM32H533VEI6, STM32H533VET6, STM32H533ZEJ6, STM32H533ZET6, STM32H562AGI6, STM32H562AII6, STM32H562IGK6, STM32H562IGT6, STM32H562IIK6, STM32H562IIT6, STM32H562RGT6, STM32H562RGV6, STM32H562RIT6, STM32H562RIV6, STM32H562VGT6, STM32H562VIT6, STM32H562ZGT6, STM32H562ZIT6, STM32H563AGI6, STM32H563AII3Q, STM32H563AII6, STM32H563IGK6, STM32H563IGT6, STM32H563IIK3Q, STM32H563IIK6, STM32H563IIT3Q, STM32H563IIT6, STM32H563MIY3QTR, STM32H563RGT6, STM32H563RGV6, STM32H563RIT6, STM32H563RIV6, STM32H563VGT6, STM32H563VIT3Q, STM32H563VIT6, STM32H563ZGT6, STM32H563ZIT3Q, STM32H563ZIT6, STM32H573AII3Q, STM32H573AII6, STM32H573I-DK, STM32H573IIK3Q, STM32H573IIK6, STM32H573IIT3Q, STM32H573IIT6, STM32H573MIY3QTR, STM32H573RIT6, STM32H573RIV6, STM32H573VIT3Q, STM32H573VIT6, STM32H573ZIT3Q, STM32H573ZIT6, STM32H7R3A8I6, STM32H7R3I8K6, STM32H7R3I8T6, STM32H7R3L8H6, STM32H7R3L8H6H, STM32H7R3R8V6, STM32H7R3V8H6, STM32H7R3V8T6, STM32H7R3V8Y6TR, STM32H7R3Z8J6, STM32H7R3Z8T6, STM32H7R7A8I6, STM32H7R7I8K6, STM32H7R7I8T6, STM32H7R7L8H6, STM32H7R7L8H6H, STM32H7R7Z8J6, STM32H7S3A8I6, STM32H7S3I8K6, STM32H7S3I8T6, STM32H7S3L8H6, STM32H7S3L8H6H, STM32H7S3R8V6, STM32H7S3V8H6, STM32H7S3V8T6, STM32H7S3V8Y6TR, STM32H7S3Z8J6, STM32H7S3Z8T6, STM32H7S78-DK, STM32H7S7A8I6, STM32H7S7I8K6, STM32H7S7I8T6, STM32H7S7L8H6, STM32H7S7L8H6H, STM32H7S7Z8J6, STM32L4R5QGI6STR, STM32MP131AAE3, STM32MP131AAF3, STM32MP131AAG3, STM32MP131CAE3, STM32MP131CAF3, STM32MP131CAG3, STM32MP131DAE7, STM32MP131DAF7, STM32MP131DAG7, STM32MP131FAE7, STM32MP131FAF7, STM32MP131FAG7, STM32MP133AAE3, STM32MP133AAF3, STM32MP133AAG3, STM32MP133CAE3, STM32MP133CAF3, STM32MP133CAG3, STM32MP133DAE7, STM32MP133DAF7, STM32MP133DAG7, STM32MP133FAE7, STM32MP133FAF7, STM32MP133FAG7, STM32MP135AAE3, STM32MP135AAF3, STM32MP135AAG3, STM32MP135CAE3, STM32MP135CAF3, STM32MP135CAG3, STM32MP135DAE7, STM32MP135DAF7, STM32MP135DAG7, STM32MP135F-DK, STM32MP135FAE7, STM32MP135FAF7, STM32MP135FAF7T, STM32MP135FAF7U, STM32MP135FAG7, STM32MP231AAJ3, STM32MP231AAK3, STM32MP231AAL3, STM32MP231CAJ3, STM32MP231CAK3, STM32MP231CAL3, STM32MP231DAJ3, STM32MP231DAK3, STM32MP231DAL3, STM32MP231FAJ3, STM32MP231FAK3, STM32MP231FAL3, STM32MP233AAJ3, STM32MP233AAK3, STM32MP233AAL3, STM32MP233CAJ3, STM32MP233CAK3, STM32MP233CAL3, STM32MP233DAJ3, STM32MP233DAK3, STM32MP233DAL3, STM32MP233FAJ3, STM32MP233FAK3, STM32MP233FAL3, STM32MP235AAJ3, STM32MP235AAK3, STM32MP235AAL3, STM32MP235CAJ3, STM32MP235CAK3, STM32MP235CAL3, STM32MP235DAJ3, STM32MP235DAK3, STM32MP235DAL3, STM32MP235FAJ3, STM32MP235FAK3, STM32MP235FAL3, STM32MP251AAI3, STM32MP251AAJ3, STM32MP251AAK3, STM32MP251AAL3, STM32MP251CAI3, STM32MP251CAJ3, STM32MP251CAK3, STM32MP251CAL3, STM32MP251DAI3, STM32MP251DAJ3, STM32MP251DAK3, STM32MP251DAL3, STM32MP251FAI3, STM32MP251FAJ3, STM32MP251FAK3, STM32MP251FAL3, STM32MP253AAI3, STM32MP253AAJ3, STM32MP253AAK3, STM32MP253AAL3, STM32MP253CAI3, STM32MP253CAJ3, STM32MP253CAK3, STM32MP253CAL3, STM32MP253DAI3, STM32MP253DAJ3, STM32MP253DAK3, STM32MP253DAL3, STM32MP253FAI3, STM32MP253FAJ3, STM32MP253FAK3, STM32MP253FAL3, STM32MP255AAI3, STM32MP255AAJ3, STM32MP255AAK3, STM32MP255AAL3, STM32MP255CAI3, STM32MP255CAJ3, STM32MP255CAK3, STM32MP255CAL3, STM32MP255DAI3, STM32MP255DAJ3, STM32MP255DAK3, STM32MP255DAL3, STM32MP255FAI3, STM32MP255FAJ3, STM32MP255FAK3, STM32MP255FAL3, STM32MP257AAI3, STM32MP257AAJ3, STM32MP257AAK3, STM32MP257AAL3, STM32MP257CAI3, STM32MP257CAJ3, STM32MP257CAK3, STM32MP257CAL3, STM32MP257DAI3, STM32MP257DAJ3, STM32MP257DAK3, STM32MP257DAL3, STM32MP257F-DK, STM32MP257F-EV1, STM32MP257FAI3, STM32MP257FAJ3, STM32MP257FAK3, STM32MP257FAL3, STM32N645A0H3Q, STM32N645B0H3Q, STM32N645I0H3Q, STM32N645L0H3Q, STM32N645X0H3Q, STM32N645Z0H3Q, STM32N647A0H3Q, STM32N647B0H3Q, STM32N647I0H3Q, STM32N647L0H3Q, STM32N647X0H3Q, STM32N647Z0H3Q, STM32N655A0H3Q, STM32N655B0H3Q, STM32N655I0H3Q, STM32N655L0H3Q, STM32N655X0H3Q, STM32N655Z0H3Q, STM32N6570-DK, STM32N657A0H3Q, STM32N657B0H3Q, STM32N657I0H3Q, STM32N657L0H3Q, STM32N657X0H3Q, STM32N657Z0H3Q, STM32U031C6T6, STM32U031C6U6, STM32U031C8T6, STM32U031C8U6, STM32U031F4P6, STM32U031F6P6, STM32U031F8P6, STM32U031G6Y6TR, STM32U031G8Y6TR, STM32U031K4U6, STM32U031K6U6, STM32U031K8U6, STM32U031R6I6, STM32U031R6T6, STM32U031R8I6, STM32U031R8T6, STM32U073C8T6, STM32U073C8U6, STM32U073CBT6, STM32U073CBU6, STM32U073CCT6, STM32U073CCU6, STM32U073H8Y6TR, STM32U073HBY6TR, STM32U073HCY6TR, STM32U073K8U6, STM32U073KBU6, STM32U073KCU6, STM32U073M8I6, STM32U073M8T6, STM32U073MBI6, STM32U073MBT6, STM32U073MCI6, STM32U073MCT6, STM32U073R8I6, STM32U073R8T6, STM32U073RBI6, STM32U073RBT6, STM32U073RCI6, STM32U073RCT6, STM32U083C-DK, STM32U083CCT6, STM32U083CCU6, STM32U083HCY6TR, STM32U083KCU6, STM32U083MCI6, STM32U083MCT6, STM32U083RCI6, STM32U083RCT6, STM32U375CET6, STM32U375CET6Q, STM32U375CEU6, STM32U375CEU6Q, STM32U375CEY6QTR, STM32U375CGT6, STM32U375CGT6Q, STM32U375CGU6, STM32U375CGU6Q, STM32U375CGY6QTR, STM32U375KEU6, STM32U375KGU6, STM32U375REI6, STM32U375REI6Q, STM32U375RET6, STM32U375RET6Q, STM32U375REY6GTR, STM32U375REY6QTR, STM32U375RGI6, STM32U375RGI6Q, STM32U375RGT6, STM32U375RGT6Q, STM32U375RGY6GTR, STM32U375RGY6QTR, STM32U375VEI6, STM32U375VEI6Q, STM32U375VET6, STM32U375VET6Q, STM32U375VGI6, STM32U375VGI6Q, STM32U375VGT6, STM32U375VGT6Q, STM32U385CGT6, STM32U385CGT6Q, STM32U385CGU6, STM32U385CGU6Q, STM32U385CGY6QTR, STM32U385KGU6, STM32U385RGI6, STM32U385RGI6Q, STM32U385RGT6, STM32U385RGT6Q, STM32U385RGY6GTR, STM32U385RGY6QTR, STM32U385VGI6, STM32U385VGI6Q, STM32U385VGT6, STM32U385VGT6Q, STM32U535CBT6, STM32U535CBT6Q, STM32U535CBU6, STM32U535CBU6Q, STM32U535CCT6, STM32U535CCT6Q, STM32U535CCU6, STM32U535CCU6Q, STM32U535CET6, STM32U535CET6Q, STM32U535CEU6, STM32U535CEU6Q, STM32U535JEY6QTR, STM32U535NCY6QTR, STM32U535NEY6QTR, STM32U535RBI6, STM32U535RBI6Q, STM32U535RBT6, STM32U535RBT6Q, STM32U535RCI6, STM32U535RCI6Q, STM32U535RCT6, STM32U535RCT6Q, STM32U535REI6, STM32U535REI6Q, STM32U535RET6, STM32U535RET6Q, STM32U535VCI6, STM32U535VCI6Q, STM32U535VCT6, STM32U535VCT6Q, STM32U535VEI6, STM32U535VEI6Q, STM32U535VET6, STM32U535VET6Q, STM32U545CET6, STM32U545CET6Q, STM32U545CEU6, STM32U545CEU6Q, STM32U545JEY6QTR, STM32U545NEY6QTR, STM32U545REI6, STM32U545REI6Q, STM32U545RET6, STM32U545RET6Q, STM32U545VEI6, STM32U545VEI6Q, STM32U545VET6, STM32U545VET6Q, STM32U595AIH6, STM32U595AIH6Q, STM32U595AJH6, STM32U595AJH6Q, STM32U595QII6, STM32U595QII6Q, STM32U595QJI6, STM32U595QJI6Q, STM32U595RIT6, STM32U595RIT6Q, STM32U595RJT6, STM32U595RJT6Q, STM32U595VIT6, STM32U595VIT6Q, STM32U595VJT6, STM32U595VJT6Q, STM32U595ZIT6, STM32U595ZIT6Q, STM32U595ZIY6QTR, STM32U595ZJT6, STM32U595ZJT6Q, STM32U595ZJY6QTR, STM32U599BJY6QTR, STM32U599NIH6Q, STM32U599NJH6Q, STM32U599VIT6Q, STM32U599VJT6, STM32U599VJT6Q, STM32U599ZIT6Q, STM32U599ZIY6QTR, STM32U599ZJT6Q, STM32U599ZJY6QTR, STM32U5A5AJH6, STM32U5A5AJH6Q, STM32U5A5QII3Q , STM32U5A5QJI6, STM32U5A5QJI6Q, STM32U5A5RJT6, STM32U5A5RJT6Q, STM32U5A5VJT6, STM32U5A5VJT6Q, STM32U5A5ZJT6, STM32U5A5ZJT6Q, STM32U5A5ZJY6QTR, STM32U5A9BJY6QTR, STM32U5A9J-DK, STM32U5A9NJH6Q, STM32U5A9VJT6Q, STM32U5A9ZJT6Q, STM32U5A9ZJY6QTR, STM32U5F7VIT6, STM32U5F7VIT6Q, STM32U5F7VJT6, STM32U5F7VJT6Q, STM32U5F9BJY6QTR, STM32U5F9NJH6Q, STM32U5F9VIT6Q, STM32U5F9VJT6Q, STM32U5F9ZIJ6QTR, STM32U5F9ZIT6Q, STM32U5F9ZJJ6QTR, STM32U5F9ZJT6Q, STM32U5G7VJT6, STM32U5G7VJT6Q, STM32U5G9BJY6QTR, STM32U5G9J-DK1, STM32U5G9J-DK2, STM32U5G9NJH6Q, STM32U5G9VJT6Q, STM32U5G9ZJJ6QTR, STM32U5G9ZJT6Q, STM32WB05KZV6TR, STM32WB05KZV7TR, STM32WB05TZF6TR, STM32WB05TZF7TR, STM32WB06CCF6TR, STM32WB06CCF7TR, STM32WB06CCV6TR, STM32WB06CCV7TR, STM32WB06KCV6TR, STM32WB06KCV7TR, STM32WB07CCF6TR, STM32WB07CCF7TR, STM32WB07CCV6TR, STM32WB07CCV7TR, STM32WB07KCV6TR, STM32WB07KCV7TR, STM32WB09KEV6TR, STM32WB09KEV7TR, STM32WB09TEF6TR, STM32WB09TEF7TR, STM32WB1MMCH6, STM32WBA50KGU6, STM32WBA50KGU6TR, STM32WBA52CEU6, STM32WBA52CEU6TR, STM32WBA52CEU7, STM32WBA52CEU7TR, STM32WBA52CGU6, STM32WBA52CGU6TR, STM32WBA52CGU6U, STM32WBA52CGU7, STM32WBA52CGU7TR, STM32WBA52KEU6, STM32WBA52KEU6TR, STM32WBA52KGU6, STM32WBA52KGU6TR, STM32WBA54CEU6, STM32WBA54CEU6TR, STM32WBA54CEU7, STM32WBA54CEU7TR, STM32WBA54CGU6, STM32WBA54CGU6TR, STM32WBA54CGU7, STM32WBA54CGU7TR, STM32WBA54KEU6, STM32WBA54KEU6TR, STM32WBA54KEU7, STM32WBA54KEU7TR, STM32WBA54KGU6, STM32WBA54KGU6TR, STM32WBA54KGU7, STM32WBA54KGU7TR, STM32WBA55CEU6, STM32WBA55CEU6TR, STM32WBA55CEU7, STM32WBA55CEU7TR, STM32WBA55CGU6, STM32WBA55CGU6TR, STM32WBA55CGU6U, STM32WBA55CGU7, STM32WBA55CGU7TR, STM32WBA55G-DK1, STM32WBA55HEF6, STM32WBA55HEF7, STM32WBA55HGF6, STM32WBA55HGF7, STM32WBA55UEI6, STM32WBA55UEI6TR, STM32WBA55UEI7, STM32WBA55UEI7TR, STM32WBA55UGI6, STM32WBA55UGI6TR, STM32WBA55UGI7, STM32WBA55UGI7TR, STM32WBA5MJGH6TR, STM32WBA62CGU6, STM32WBA62CIU6, STM32WBA62MGF6, STM32WBA62MIF6, STM32WBA62PGI6, STM32WBA62PII6, STM32WBA63CGU6, STM32WBA63CGU7, STM32WBA63CIU6, STM32WBA63CIU7, STM32WBA64CGU6, STM32WBA64CGU7, STM32WBA64CIU6, STM32WBA64CIU7, STM32WBA65CGU6, STM32WBA65CGU7, STM32WBA65CIU6, STM32WBA65CIU7, STM32WBA65I-DK1, STM32WBA65MGF6, STM32WBA65MGF7, STM32WBA65MIF6, STM32WBA65MIF7, STM32WBA65PGI6, STM32WBA65PGI7, STM32WBA65PII6, STM32WBA65PII7, STM32WBA65RGV6, STM32WBA65RGV7, STM32WBA65RIV6, STM32WBA65RIV7, STM32WL30K8V6, STM32WL30KBV6, STM32WL31C8V6, STM32WL31CBV6, STM32WL31K8V6, STM32WL31KBV6, STM32WL33C8V6, STM32WL33C8V6TR, STM32WL33C8V7, STM32WL33C8V7TR, STM32WL33CBV6, STM32WL33CBV6TR, STM32WL33CBV7, STM32WL33CBV7TR, STM32WL33CCV6, STM32WL33CCV6TR, STM32WL33CCV7, STM32WL33CCV7A, STM32WL33CCV7ATR, STM32WL33CCV7TR, STM32WL33K8V6, STM32WL33K8V6TR, STM32WL33K8V7, STM32WL33K8V7TR, STM32WL33KBV6, STM32WL33KBV6TR, STM32WL33KBV7, STM32WL33KBV7TR, STM32WL33KCV6, STM32WL33KCV6TR, STM32WL33KCV7, STM32WL33KCV7TR, STM32WL5MOCH6, STM32WL5MOCH6TR]
2026-08-15 11:19:22,802 [INFO] DbMcus:218 - Found 5246 MCUs, 5093 are supported
2026-08-15 11:19:22,805 [INFO] ApiDb:423 - Load user favorites file C:\Users\Admin/.stm32cubeide/favorites.mcus.txt: 0 item(s)
2026-08-15 11:19:22,805 [INFO] ApiDb:427 - User favorites MCUs=[]
2026-08-15 11:19:22,805 [INFO] DbMcus:224 - Set 0 / 0 favorites MCUs
2026-08-15 11:19:24,271 [INFO] BoardInfo:889 - No configuration file found for board NUCLEO-H5E5ZJ
2026-08-15 11:19:24,276 [INFO] DbBoards:161 - Board is not supported: NUCLEO-H5E5ZJ
2026-08-15 11:19:24,489 [INFO] BoardInfo:889 - No configuration file found for board NUCLEO-U3C5ZI-Q
2026-08-15 11:19:24,491 [INFO] DbBoards:161 - Board is not supported: NUCLEO-U3C5ZI-Q
2026-08-15 11:19:24,530 [INFO] BoardInfo:889 - No configuration file found for board NUCLEO-WBA25CE1
2026-08-15 11:19:24,532 [INFO] DbBoards:161 - Board is not supported: NUCLEO-WBA25CE1
2026-08-15 11:19:24,558 [INFO] BoardInfo:889 - No configuration file found for board NUCLEO-WL3RKB1
2026-08-15 11:19:24,560 [INFO] DbBoards:161 - Board is not supported: NUCLEO-WL3RKB1
2026-08-15 11:19:24,565 [INFO] BoardInfo:889 - No configuration file found for board NUCLEO-WL3RKB2
2026-08-15 11:19:24,568 [INFO] DbBoards:161 - Board is not supported: NUCLEO-WL3RKB2
2026-08-15 11:19:24,600 [INFO] BoardInfo:889 - No configuration file found for board P-NUCLEO-WB55
2026-08-15 11:19:24,603 [INFO] DbBoards:161 - Kit is not supported: P-NUCLEO-WB55
2026-08-15 11:19:24,636 [INFO] BoardInfo:889 - No configuration file found for board STEVAL-BFA001V1B
2026-08-15 11:19:24,639 [INFO] DbBoards:161 - Kit is not supported: STEVAL-BFA001V1B
2026-08-15 11:19:24,643 [INFO] BoardInfo:889 - No configuration file found for board STEVAL-BFA001V2B
2026-08-15 11:19:24,646 [INFO] DbBoards:161 - Kit is not supported: STEVAL-BFA001V2B
2026-08-15 11:19:25,201 [INFO] BoardInfo:889 - No configuration file found for board STM32H5F5J-DK
2026-08-15 11:19:25,206 [INFO] DbBoards:161 - Board is not supported: STM32H5F5J-DK
2026-08-15 11:19:25,538 [INFO] BoardInfo:889 - No configuration file found for board STM32MP215F-DK
2026-08-15 11:19:25,542 [INFO] DbBoards:161 - Board is not supported: STM32MP215F-DK
2026-08-15 11:19:25,592 [INFO] DbBoards:168 - Found 218 boards, 208 are supported
2026-08-15 11:19:25,593 [INFO] DbBoards:169 - Found 218 boards, 43 of them is supported for  Bsp
2026-08-15 11:19:25,597 [INFO] ApiDb:423 - Load user favorites file C:\Users\Admin/.stm32cubeide/favorites.boards.txt: 0 item(s)
2026-08-15 11:19:25,597 [INFO] ApiDb:427 - User favorites Boards=[]
2026-08-15 11:19:25,598 [INFO] DbBoards:198 - Set 0 / 0 favorites Boards
2026-08-15 11:19:25,813 [INFO] UtilMem:75 - End LoadConfig() Used Memory: 697261952 Bytes (1073741824)
2026-08-15 11:19:26,304 [WARN] ThirdParty:833 - waiting for thirdparty lock release [change project]
2026-08-15 11:19:26,313 [INFO] ThirdParty:835 - entering critical section [change project]
2026-08-15 11:19:26,315 [INFO] ThirdParty:1030 - CMSIS Pack Vendor :STMicroelectronics X-CUBE-AZRTOS-H7 3.5.0
2026-08-15 11:19:26,316 [INFO] ThirdParty:1030 - CMSIS Pack Vendor :STMicroelectronics X-CUBE-PM33A1 1.0.0
2026-08-15 11:19:26,316 [INFO] ThirdParty:1030 - CMSIS Pack Vendor :STMicroelectronics USBPD 4.1
2026-08-15 11:19:26,316 [INFO] ThirdParty:1030 - CMSIS Pack Vendor :STMicroelectronics USB_HOST 2.0.0
2026-08-15 11:19:26,316 [INFO] ThirdParty:1030 - CMSIS Pack Vendor :STMicroelectronics FP-SNS-MOTENVWB1 1.4.0
2026-08-15 11:19:26,317 [INFO] ThirdParty:1030 - CMSIS Pack Vendor :STMicroelectronics FP-ATR-ASTRA1 2.0.3
2026-08-15 11:19:26,317 [INFO] ThirdParty:1030 - CMSIS Pack Vendor :STMicroelectronics X-CUBE-AZRTOS-F4 1.1.0
2026-08-15 11:19:26,317 [INFO] ThirdParty:1030 - CMSIS Pack Vendor :STMicroelectronics LIBJPEG 8.0.0
2026-08-15 11:19:26,318 [INFO] ThirdParty:1030 - CMSIS Pack Vendor :STMicroelectronics FP-ATR-ASTRA1 2.0.2
2026-08-15 11:19:26,318 [INFO] ThirdParty:1030 - CMSIS Pack Vendor :STMicroelectronics FP-ATR-ASTRA1 2.0.1
2026-08-15 11:19:26,319 [INFO] ThirdParty:1030 - CMSIS Pack Vendor :Avnet-IotConnect X-CUBE-IoTC-DA16k-PMOD 1.0.0
2026-08-15 11:19:26,320 [INFO] ThirdParty:1030 - CMSIS Pack Vendor :STMicroelectronics X-CUBE-SMBUS 2.1.0
2026-08-15 11:19:26,320 [INFO] ThirdParty:1030 - CMSIS Pack Vendor :STMicroelectronics eDS-WB_DPC_TT-BIDIR 2.1.1
2026-08-15 11:19:26,320 [INFO] ThirdParty:1030 - CMSIS Pack Vendor :STMicroelectronics X-CUBE-ST60 1.0.0
2026-08-15 11:19:26,321 [INFO] ThirdParty:1030 - CMSIS Pack Vendor :STMicroelectronics X-CUBE-NFC12 1.0.0
2026-08-15 11:19:26,321 [INFO] ThirdParty:1030 - CMSIS Pack Vendor :STMicroelectronics X-CUBE-AZRTOS-F7 1.1.0
2026-08-15 11:19:26,322 [INFO] ThirdParty:1030 - CMSIS Pack Vendor :STMicroelectronics X-CUBE-AZRTOS-L5 2.0.0
2026-08-15 11:19:26,324 [INFO] ThirdParty:1030 - CMSIS Pack Vendor :STMicroelectronics USB_DEVICE 2.0.0
2026-08-15 11:19:26,324 [INFO] ThirdParty:1030 - CMSIS Pack Vendor :STMicroelectronics X-CUBE-NFC6 3.1.0
2026-08-15 11:19:26,324 [INFO] ThirdParty:1030 - CMSIS Pack Vendor :STMicroelectronics X-CUBE-ALGOBUILD 1.5.0
2026-08-15 11:19:26,324 [INFO] ThirdParty:1030 - CMSIS Pack Vendor :STMicroelectronics FreeRTOS 0.0.1
2026-08-15 11:19:26,324 [INFO] ThirdParty:1030 - CMSIS Pack Vendor :STMicroelectronics X-CUBE-AZRTOS-H7RS 1.3.0
2026-08-15 11:19:26,325 [INFO] ThirdParty:1030 - CMSIS Pack Vendor :STMicroelectronics X-CUBE-DPower 1.2.0
2026-08-15 11:19:26,325 [INFO] ThirdParty:1030 - CMSIS Pack Vendor :STMicroelectronics eDS-WB_DPC_VIENNA 1.2.0
2026-08-15 11:19:26,325 [INFO] ThirdParty:1030 - CMSIS Pack Vendor :STMicroelectronics X-CUBE-MEMS1 13.0.0
2026-08-15 11:19:26,325 [INFO] ThirdParty:1030 - CMSIS Pack Vendor :STMicroelectronics FP-SNS-FLIGHT1 5.0.2
2026-08-15 11:19:26,326 [INFO] ThirdParty:1030 - CMSIS Pack Vendor :STMicroelectronics eDS-WB_DPC_3PH2L-BIDIR 1.1.1
2026-08-15 11:19:26,326 [INFO] ThirdParty:1030 - CMSIS Pack Vendor :Infineon AIROC-Wi-Fi-Bluetooth-STM32 1.7.0
2026-08-15 11:19:26,326 [INFO] ThirdParty:1030 - CMSIS Pack Vendor :STMicroelectronics PDM2PCM 3.3.0
2026-08-15 11:19:26,326 [INFO] ThirdParty:1030 - CMSIS Pack Vendor :STMicroelectronics X-CUBE-AZRTOS-H7 3.4.0
2026-08-15 11:19:26,326 [INFO] ThirdParty:1030 - CMSIS Pack Vendor :STMicroelectronics X-CUBE-DISPLAY 3.0.0
2026-08-15 11:19:26,327 [INFO] ThirdParty:1030 - CMSIS Pack Vendor :STMicroelectronics X-CUBE-GNSS1 7.1.1
2026-08-15 11:19:26,327 [INFO] ThirdParty:1030 - CMSIS Pack Vendor :STMicroelectronics X-CUBE-BLE1 7.0.0
2026-08-15 11:19:26,327 [INFO] ThirdParty:1030 - CMSIS Pack Vendor :STMicroelectronics X-CUBE-BLEMGR 4.0.0
2026-08-15 11:19:26,328 [INFO] ThirdParty:1030 - CMSIS Pack Vendor :STMicroelectronics X-CUBE-FREERTOS 1.3.1
2026-08-15 11:19:26,329 [INFO] ThirdParty:1030 - CMSIS Pack Vendor :STMicroelectronics HAL Drivers 0.0.0
2026-08-15 11:19:26,331 [INFO] ThirdParty:1030 - CMSIS Pack Vendor :STMicroelectronics X-CUBE-ST60 1.1.0
2026-08-15 11:19:26,331 [INFO] ThirdParty:1030 - CMSIS Pack Vendor :emotas I-CUBE-CANOPEN 1.3.0
2026-08-15 11:19:26,331 [INFO] ThirdParty:1030 - CMSIS Pack Vendor :STMicroelectronics X-CUBE-FREERTOS 1.3.0
2026-08-15 11:19:26,331 [INFO] ThirdParty:1030 - CMSIS Pack Vendor :STMicroelectronics X-CUBE-NFC7 1.0.1
2026-08-15 11:19:26,331 [INFO] ThirdParty:1030 - CMSIS Pack Vendor :STMicroelectronics MBEDTLS 2.14.1
2026-08-15 11:19:26,332 [INFO] ThirdParty:1030 - CMSIS Pack Vendor :STMicroelectronics X-CUBE-GNSS1 7.1.0
2026-08-15 11:19:26,332 [INFO] ThirdParty:1030 - CMSIS Pack Vendor :STMicroelectronics X-CUBE-TOUCHGFX 4.26.0
2026-08-15 11:19:26,332 [INFO] ThirdParty:1030 - CMSIS Pack Vendor :STMicroelectronics X-CUBE-TOUCHGFX 4.26.1
2026-08-15 11:19:26,332 [INFO] ThirdParty:1030 - CMSIS Pack Vendor :quantropi X-CUBE-qispace-sdk-base 2.0.0
2026-08-15 11:19:26,332 [INFO] ThirdParty:1030 - CMSIS Pack Vendor :STMicroelectronics X-CUBE-AI 10.0.0
2026-08-15 11:19:26,332 [INFO] ThirdParty:1030 - CMSIS Pack Vendor :STMicroelectronics FP-SNS-STAIOTCFT 1.0.0
2026-08-15 11:19:26,332 [INFO] ThirdParty:1030 - CMSIS Pack Vendor :STMicroelectronics FP-SNS-FLIGHT1 5.1.0
2026-08-15 11:19:26,333 [INFO] ThirdParty:1030 - CMSIS Pack Vendor :STMicroelectronics X-CUBE-MEMS1 11.1.0
2026-08-15 11:19:26,333 [INFO] ThirdParty:1030 - CMSIS Pack Vendor :STMicroelectronics X-CUBE-AZRTOS-WL 2.0.0
2026-08-15 11:19:26,333 [INFO] ThirdParty:1030 - CMSIS Pack Vendor :STMicroelectronics X-CUBE-DPower 1.3.0
2026-08-15 11:19:26,333 [INFO] ThirdParty:1030 - CMSIS Pack Vendor :STMicroelectronics FP-SNS-MOTENV1 5.0.0
2026-08-15 11:19:26,333 [INFO] ThirdParty:1030 - CMSIS Pack Vendor :STMicroelectronics USB_DEVICE 1.0.0
2026-08-15 11:19:26,333 [INFO] ThirdParty:1030 - CMSIS Pack Vendor :STMicroelectronics X-CUBE-AZRTOS-H7RS 1.2.0
2026-08-15 11:19:26,333 [INFO] ThirdParty:1030 - CMSIS Pack Vendor :STMicroelectronics X-CUBE-AZRTOS-L4 2.0.0
2026-08-15 11:19:26,333 [INFO] ThirdParty:1030 - CMSIS Pack Vendor :STMicroelectronics ThreadX 0.0.2
2026-08-15 11:19:26,333 [INFO] ThirdParty:1030 - CMSIS Pack Vendor :WES I-CUBE-Cesium 1.3.0
2026-08-15 11:19:26,333 [INFO] ThirdParty:1030 - CMSIS Pack Vendor :STMicroelectronics lwIP 2.1.2
2026-08-15 11:19:26,333 [INFO] ThirdParty:1030 - CMSIS Pack Vendor :STMicroelectronics X-CUBE-SFXS2LP1 4.0.0
2026-08-15 11:19:26,333 [INFO] ThirdParty:1030 - CMSIS Pack Vendor :STMicroelectronics X-CUBE-BLE2 3.3.0
2026-08-15 11:19:26,334 [INFO] ThirdParty:1030 - CMSIS Pack Vendor :Avnet-IOTCONNECT X-CUBE-iotc-st67-sdk 1.0.0
2026-08-15 11:19:26,334 [INFO] ThirdParty:1030 - CMSIS Pack Vendor :STMicroelectronics PDM2PCM 3.2.0
2026-08-15 11:19:26,334 [INFO] ThirdParty:1030 - CMSIS Pack Vendor :STMicroelectronics X-CUBE-WB05N 2.1.0
2026-08-15 11:19:26,334 [INFO] ThirdParty:1030 - CMSIS Pack Vendor :STMicroelectronics X-CUBE-AZRTOS-H7 3.3.0
2026-08-15 11:19:26,334 [INFO] ThirdParty:1030 - CMSIS Pack Vendor :STMicroelectronics X-CUBE-BLE1 7.1.0
2026-08-15 11:19:26,334 [INFO] ThirdParty:1030 - CMSIS Pack Vendor :STMicroelectronics USB_DEVICE 3.0.0
2026-08-15 11:19:26,334 [INFO] ThirdParty:1030 - CMSIS Pack Vendor :STMicroelectronics X-CUBE-EEPRMA1 5.2.0
2026-08-15 11:19:26,334 [INFO] ThirdParty:1030 - CMSIS Pack Vendor :STMicroelectronics X-CUBE-BLEMGR 4.1.0
2026-08-15 11:19:26,334 [INFO] ThirdParty:1030 - CMSIS Pack Vendor :STMicroelectronics X-CUBE-AZRTOS-WB 2.0.0
2026-08-15 11:19:26,334 [INFO] ThirdParty:1030 - CMSIS Pack Vendor :STMicroelectronics X-CUBE-GNSS1 7.0.1
2026-08-15 11:19:26,334 [INFO] ThirdParty:1030 - CMSIS Pack Vendor :STMicroelectronics X-CUBE-TOUCHGFX 4.25.0
2026-08-15 11:19:26,334 [INFO] ThirdParty:1030 - CMSIS Pack Vendor :STMicroelectronics FP-SNS-STBOX1 2.0.0
2026-08-15 11:19:26,335 [INFO] ThirdParty:1030 - CMSIS Pack Vendor :STMicroelectronics X-CUBE-MEMS1 12.0.0
2026-08-15 11:19:26,335 [INFO] ThirdParty:1030 - CMSIS Pack Vendor :STMicroelectronics X-CUBE-STSE01 2.0.0
2026-08-15 11:19:26,335 [INFO] ThirdParty:1030 - CMSIS Pack Vendor :STMicroelectronics X-CUBE-MEMS1 11.2.0
2026-08-15 11:19:26,335 [INFO] ThirdParty:1030 - CMSIS Pack Vendor :STMicroelectronics X-CUBE-AZRTOS-G0 1.1.0
2026-08-15 11:19:26,335 [INFO] ThirdParty:1030 - CMSIS Pack Vendor :STMicroelectronics X-CUBE-NFC4 3.0.0
2026-08-15 11:19:26,337 [INFO] ThirdParty:1030 - CMSIS Pack Vendor :STMicroelectronics X-CUBE-SUBG2 5.0.0
2026-08-15 11:19:26,337 [INFO] ThirdParty:1030 - CMSIS Pack Vendor :STMicroelectronics X-CUBE-AZRTOS-H7RS 1.1.0
2026-08-15 11:19:26,337 [INFO] ThirdParty:1030 - CMSIS Pack Vendor :STMicroelectronics STM32_WPAN 1.0.0
2026-08-15 11:19:26,338 [INFO] ThirdParty:1030 - CMSIS Pack Vendor :EmbeddedOffice I-CUBE-FS-RTOS 1.0.1
2026-08-15 11:19:26,338 [INFO] ThirdParty:1030 - CMSIS Pack Vendor :STMicroelectronics lwIP 2.0.3
2026-08-15 11:19:26,338 [INFO] ThirdParty:1030 - CMSIS Pack Vendor :Cesanta I-CUBE-Mongoose 7.13.0
2026-08-15 11:19:26,338 [INFO] ThirdParty:1030 - CMSIS Pack Vendor :STMicroelectronics USB_HOST 1.0.0
2026-08-15 11:19:26,338 [INFO] ThirdParty:1030 - CMSIS Pack Vendor :STMicroelectronics X-CUBE-AZRTOS-G4 2.0.0
2026-08-15 11:19:26,339 [INFO] ThirdParty:1030 - CMSIS Pack Vendor :STMicroelectronics X-CUBE-WB05N 2.0.0
2026-08-15 11:19:26,339 [INFO] ThirdParty:1030 - CMSIS Pack Vendor :STMicroelectronics PDM2PCM 3.1.0
2026-08-15 11:19:26,339 [INFO] ThirdParty:1030 - CMSIS Pack Vendor :STMicroelectronics X-CUBE-NFC7 2.0.0
2026-08-15 11:19:26,339 [INFO] ThirdParty:1030 - CMSIS Pack Vendor :STMicroelectronics FP-ATR-SIGFOX1 3.2.0
2026-08-15 11:19:26,339 [INFO] ThirdParty:1030 - CMSIS Pack Vendor :STMicroelectronics X-CUBE-EEPRMA1 5.1.0
2026-08-15 11:19:26,339 [INFO] ThirdParty:1030 - CMSIS Pack Vendor :STMicroelectronics MBEDTLS 2.16.2
2026-08-15 11:19:26,339 [INFO] ThirdParty:1030 - CMSIS Pack Vendor :STMicroelectronics X-CUBE-IPS 3.1.0
2026-08-15 11:19:26,339 [INFO] ThirdParty:1030 - CMSIS Pack Vendor :ITTIA_DB I-CUBE-ITTIADB 8.9.0
2026-08-15 11:19:26,339 [INFO] ThirdParty:1030 - CMSIS Pack Vendor :STMicroelectronics X-CUBE-TOUCHGFX 4.24.2
2026-08-15 11:19:26,339 [INFO] ThirdParty:1030 - CMSIS Pack Vendor :STMicroelectronics X-CUBE-STSE01 1.0.0
2026-08-15 11:19:26,339 [INFO] ThirdParty:1030 - CMSIS Pack Vendor :portGmbH I-Cube-SoM-uGOAL 1.1.0
2026-08-15 11:19:26,339 [INFO] ThirdParty:1030 - CMSIS Pack Vendor :STMicroelectronics X-CUBE-NFC6 3.2.0
2026-08-15 11:19:26,339 [INFO] ThirdParty:1030 - CMSIS Pack Vendor :STMicroelectronics X-CUBE-ST67W61 1.0.0
2026-08-15 11:19:26,341 [INFO] ThirdParty:1030 - CMSIS Pack Vendor :STMicroelectronics X-CUBE-AI 10.2.1
2026-08-15 11:19:26,341 [INFO] ThirdParty:1030 - CMSIS Pack Vendor :STMicroelectronics X-CUBE-AI 10.2.0
2026-08-15 11:19:26,341 [INFO] ThirdParty:1030 - CMSIS Pack Vendor :STMicroelectronics ThreadX 1.0.0
2026-08-15 11:19:26,341 [INFO] ThirdParty:1030 - CMSIS Pack Vendor :STMicroelectronics X-CUBE-MEMS1 12.1.0
2026-08-15 11:19:26,341 [INFO] ThirdParty:1030 - CMSIS Pack Vendor :SEGGER I-CUBE-embOS 1.3.1
2026-08-15 11:19:26,341 [INFO] ThirdParty:1030 - CMSIS Pack Vendor :STMicroelectronics X-CUBE-ALGOBUILD 1.4.0
2026-08-15 11:19:26,341 [INFO] ThirdParty:1030 - CMSIS Pack Vendor :STMicroelectronics X-CUBE-MEMS1 11.3.0
2026-08-15 11:19:26,341 [INFO] ThirdParty:1030 - CMSIS Pack Vendor :STMicroelectronics X-CUBE-AZRTOS-H7RS 1.0.0
2026-08-15 11:19:26,341 [INFO] ThirdParty:1030 - CMSIS Pack Vendor :STMicroelectronics X-CUBE-TOF1 3.4.2
2026-08-15 11:19:26,342 [INFO] ThirdParty:1030 - CMSIS Pack Vendor :STMicroelectronics X-CUBE-TOF1 3.4.3
2026-08-15 11:19:26,342 [INFO] ThirdParty:1030 - CMSIS Pack Vendor :STMicroelectronics X-CUBE-NFC13 1.0.0
2026-08-15 11:19:26,344 [INFO] ThirdParty:841 - exiting critical section [change project]
2026-08-15 11:19:27,469 [INFO] PinOutPanel:1589 - setPackage(No Configuration,No Configuration)
2026-08-15 11:19:27,482 [INFO] PinOutPanel:1589 - setPackage(STM32F103C8Tx,LQFP48)
2026-08-15 11:19:28,701 [INFO] UtilMem:75 - Before build in PCC Used Memory: 690881904 Bytes (1073741824)
2026-08-15 11:19:31,661 [INFO] UtilMem:75 - After build in PCC Used Memory: 795867184 Bytes (1073741824)
2026-08-15 11:19:31,731 [INFO] IPUIPlugin:80 - create IPUIPlugin
2026-08-15 11:19:31,731 [INFO] IPUIPlugin:80 - create IPUIPlugin
2026-08-15 11:19:31,732 [INFO] IPUIPlugin:80 - create IPUIPlugin
2026-08-15 11:19:31,733 [INFO] IPUIPlugin:80 - create IPUIPlugin
2026-08-15 11:19:31,733 [INFO] IPUIPlugin:80 - create IPUIPlugin
2026-08-15 11:19:31,733 [INFO] IPUIPlugin:80 - create IPUIPlugin
2026-08-15 11:19:31,734 [INFO] IPUIPlugin:80 - create IPUIPlugin
2026-08-15 11:19:31,735 [INFO] IPUIPlugin:80 - create IPUIPlugin
2026-08-15 11:19:31,735 [INFO] IPUIPlugin:80 - create IPUIPlugin
2026-08-15 11:19:31,735 [INFO] IPUIPlugin:80 - create IPUIPlugin
2026-08-15 11:19:31,736 [INFO] IPUIPlugin:80 - create IPUIPlugin
2026-08-15 11:19:31,736 [INFO] IPUIPlugin:80 - create IPUIPlugin
2026-08-15 11:19:31,737 [INFO] IPUIPlugin:80 - create IPUIPlugin
2026-08-15 11:19:31,738 [INFO] IPUIPlugin:80 - create IPUIPlugin
2026-08-15 11:19:31,738 [INFO] IPUIPlugin:80 - create IPUIPlugin
2026-08-15 11:19:31,739 [INFO] IPUIPlugin:80 - create IPUIPlugin
2026-08-15 11:19:31,739 [INFO] IPUIPlugin:80 - create IPUIPlugin
2026-08-15 11:19:31,740 [INFO] IPUIPlugin:80 - create IPUIPlugin
2026-08-15 11:19:31,741 [INFO] IPUIPlugin:80 - create IPUIPlugin
2026-08-15 11:19:31,741 [INFO] IPUIPlugin:80 - create IPUIPlugin
2026-08-15 11:19:31,742 [INFO] IPUIPlugin:80 - create IPUIPlugin
2026-08-15 11:19:31,743 [INFO] IPUIPlugin:80 - create IPUIPlugin
2026-08-15 11:19:31,744 [INFO] IPUIPlugin:80 - create IPUIPlugin
2026-08-15 11:19:31,744 [INFO] IPUIPlugin:80 - create IPUIPlugin
2026-08-15 11:19:31,745 [INFO] IPUIPlugin:80 - create IPUIPlugin
2026-08-15 11:19:31,746 [INFO] IPUIPlugin:80 - create IPUIPlugin
2026-08-15 11:19:31,747 [INFO] IPUIPlugin:80 - create IPUIPlugin
2026-08-15 11:19:32,287 [INFO] CADModel:165 - CPN selected for project levelSTM32F103C8T6
2026-08-15 11:19:32,287 [INFO] CADModel:114 - Register for checkConnection events
2026-08-15 11:19:32,367 [INFO] OpenFileManager:385 - Restore cursor
2026-08-15 11:20:26,680 [INFO] UtilMem:75 - End SaveConfig() Used Memory: 948263784 Bytes (1073741824)
2026-08-15 11:20:28,368 [INFO] UtilMem:75 - End SaveConfig() Used Memory: 963821528 Bytes (1073741824)
2026-08-15 11:20:31,364 [INFO] UtilMem:75 - End SaveConfig() Used Memory: 712707488 Bytes (1073741824)
2026-08-15 11:20:31,829 [INFO] BlockDiagram:2775 - set Specific Code input for plugin: NVIC
2026-08-15 11:20:31,829 [INFO] BlockDiagram:2775 - set Specific Code input for plugin: TIM1_8F1
2026-08-15 11:20:31,829 [INFO] BlockDiagram:2775 - set Specific Code input for plugin: TIM1_8F1
2026-08-15 11:20:31,829 [INFO] BlockDiagram:2775 - set Specific Code input for plugin: TIM1_8F1
2026-08-15 11:20:31,829 [INFO] BlockDiagram:2775 - set Specific Code input for plugin: SYS
2026-08-15 11:20:31,830 [INFO] BlockDiagram:2775 - set Specific Code input for plugin: GPIO
2026-08-15 11:20:31,830 [INFO] BlockDiagram:2775 - set Specific Code input for plugin: RCC
2026-08-15 11:20:31,832 [INFO] CodeGenerator:882 - code generatio: config db path: C:\ST\STM32CubeIDE_1.18.0\STM32CubeIDE\plugins\com.st.stm32cube.common.mx_6.14.0.202502271554\\db\
2026-08-15 11:20:31,965 [INFO] CodeEngine:263 - oldGeneratedFile, D:\Project_CNC\DIY-CNC\Firmware\CNC\MXTmpFiles\license.tmp_save
2026-08-15 11:20:32,343 [INFO] CodeEngine:287 - Generated code: D:\Project_CNC\DIY-CNC\Firmware\CNC\MXTmpFiles\license.tmp
2026-08-15 11:20:32,439 [INFO] CodeEngine:263 - oldGeneratedFile, D:\Project_CNC\DIY-CNC\Firmware\CNC\Core\Src\gpio.c_save
2026-08-15 11:20:32,587 [INFO] CodeEngine:287 - Generated code: D:\Project_CNC\DIY-CNC\Firmware\CNC\Core\Src\gpio.c
2026-08-15 11:20:32,591 [INFO] CodeEngine:263 - oldGeneratedFile, D:\Project_CNC\DIY-CNC\Firmware\CNC\Core\Inc\gpio.h_save
2026-08-15 11:20:32,670 [INFO] CodeEngine:287 - Generated code: D:\Project_CNC\DIY-CNC\Firmware\CNC\Core\Inc\gpio.h
2026-08-15 11:20:32,852 [INFO] CodeEngine:263 - oldGeneratedFile, D:\Project_CNC\DIY-CNC\Firmware\CNC\Core\Src\tim.c_save
2026-08-15 11:20:33,031 [INFO] CodeEngine:287 - Generated code: D:\Project_CNC\DIY-CNC\Firmware\CNC\Core\Src\tim.c
2026-08-15 11:20:33,036 [INFO] CodeEngine:263 - oldGeneratedFile, D:\Project_CNC\DIY-CNC\Firmware\CNC\Core\Inc\tim.h_save
2026-08-15 11:20:33,102 [INFO] CodeEngine:287 - Generated code: D:\Project_CNC\DIY-CNC\Firmware\CNC\Core\Inc\tim.h
2026-08-15 11:20:33,112 [INFO] CodeEngine:263 - oldGeneratedFile, D:\Project_CNC\DIY-CNC\Firmware\CNC\Core\Src\stm32f1xx_it.c_save
2026-08-15 11:20:33,277 [INFO] CodeEngine:287 - Generated code: D:\Project_CNC\DIY-CNC\Firmware\CNC\Core\Src\stm32f1xx_it.c
2026-08-15 11:20:33,281 [INFO] CodeEngine:263 - oldGeneratedFile, D:\Project_CNC\DIY-CNC\Firmware\CNC\Core\Inc\stm32f1xx_it.h_save
2026-08-15 11:20:33,337 [INFO] CodeEngine:287 - Generated code: D:\Project_CNC\DIY-CNC\Firmware\CNC\Core\Inc\stm32f1xx_it.h
2026-08-15 11:20:33,351 [INFO] CodeEngine:263 - oldGeneratedFile, D:\Project_CNC\DIY-CNC\Firmware\CNC\Core\Src\stm32f1xx_hal_msp.c_save
2026-08-15 11:20:33,425 [INFO] CodeEngine:287 - Generated code: D:\Project_CNC\DIY-CNC\Firmware\CNC\Core\Src\stm32f1xx_hal_msp.c
2026-08-15 11:20:33,429 [INFO] CodeEngine:263 - oldGeneratedFile, D:\Project_CNC\DIY-CNC\Firmware\CNC\MXTmpFiles\system.tmp_save
2026-08-15 11:20:33,476 [INFO] CodeEngine:287 - Generated code: D:\Project_CNC\DIY-CNC\Firmware\CNC\MXTmpFiles\system.tmp
2026-08-15 11:20:33,485 [INFO] CodeEngine:319 - oldGeneratedFile, D:\Project_CNC\DIY-CNC\Firmware\CNC\Core\Inc\stm32f1xx_hal_conf.h_save
2026-08-15 11:20:33,536 [INFO] CodeEngine:343 - Generated code: D:\Project_CNC\DIY-CNC\Firmware\CNC\Core\Inc\stm32f1xx_hal_conf.h
2026-08-15 11:20:33,578 [INFO] ApiDbMcu:508 - Load IP Config File for TIM2
2026-08-15 11:20:33,589 [INFO] ApiDbMcu:508 - Load IP Config File for TIM3
2026-08-15 11:20:33,601 [INFO] ApiDbMcu:508 - Load IP Config File for TIM4
2026-08-15 11:20:33,603 [INFO] ApiDbMcu:508 - Load IP Config File for RCC
2026-08-15 11:20:33,612 [INFO] CodeEngine:263 - oldGeneratedFile, D:\Project_CNC\DIY-CNC\Firmware\CNC\Core\Inc\main.h_save
2026-08-15 11:20:33,693 [INFO] CodeEngine:287 - Generated code: D:\Project_CNC\DIY-CNC\Firmware\CNC\Core\Inc\main.h
2026-08-15 11:20:33,699 [INFO] CodeEngine:263 - oldGeneratedFile, D:\Project_CNC\DIY-CNC\Firmware\CNC\Core\Src\main.c_save
2026-08-15 11:20:33,823 [INFO] CodeEngine:287 - Generated code: D:\Project_CNC\DIY-CNC\Firmware\CNC\Core\Src\main.c
2026-08-15 11:20:34,313 [INFO] ProjectBuilder:3324 - Time for Copy HAL[1] : 245mS.
2026-08-15 11:20:34,322 [INFO] ProjectBuilder:4912 - Project Generator version: 4.6.0-B36
2026-08-15 11:20:34,455 [INFO] ConfigFileManager:1590 - The Die is : DIE410
2026-08-15 11:20:34,470 [INFO] ApiDbMcu:508 - Load IP Config File for FATFS
2026-08-15 11:20:34,477 [INFO] ApiDbMcu:508 - Load IP Config File for FREERTOS
2026-08-15 11:20:34,487 [INFO] ApiDbMcu:508 - Load IP Config File for USB_DEVICE
2026-08-15 11:20:35,042 [INFO] LogOutputStream:77 - [STDOUT_REDIRECT] 
2026-08-15 11:20:37,426 [INFO] ProjectBuilder:5191 - Time for Generating toolchain IDE Files: 3103mS.
2026-08-15 11:20:37,430 [INFO] ProjectBuilder:3181 - Time for Copy CMSIS : 1mS.
2026-08-15 11:20:37,438 [INFO] ProjectBuilder:3181 - Time for Copy CMSIS : 2mS.
2026-08-15 12:31:46,181 [INFO] WebApp:403 - JxBrowser engine has been closed 
2026-08-15 12:32:01,573 [ERROR] LogOutputStream:75 - [STDERR_REDIRECT] 
2026-08-15 13:31:41,879 [INFO] Activator:176 - 


2026-08-15 13:31:41,882 [INFO] Activator:177 - !SESSION log4j initialized
2026-08-15 13:31:47,825 [INFO] LogOutputStream:77 - [STDOUT_REDIRECT] 
2026-08-15 13:31:48,316 [ERROR] ConfigurationRetriever:142 - IOException on connection: sw-center.st.com
2026-08-15 13:31:48,318 [ERROR] ConfigurationRetriever:142 - IOException on connection: sw-center.st.com
2026-08-15 13:31:48,318 [ERROR] ConfigurationRetriever:142 - IOException on connection: sw-center.st.com
2026-08-15 13:31:49,150 [INFO] ApplicationProperties:184 - Using Application install path: C:\ST\STM32CubeIDE_1.18.0\STM32CubeIDE\plugins\com.st.stm32cube.common.mx_6.14.0.202502271554
2026-08-15 13:31:49,192 [INFO] DbMcusXml:78 - Set database path to: C:\ST\STM32CubeIDE_1.18.0\STM32CubeIDE\plugins\com.st.stm32cube.common.mx_6.14.0.202502271554\\db\/mcu/
2026-08-15 13:31:49,193 [INFO] ApiDb:274 - Set plugin database path to: C:\ST\STM32CubeIDE_1.18.0\STM32CubeIDE\plugins\com.st.stm32cube.common.mx_6.14.0.202502271554\\db\/plugins/boardmanager/
2026-08-15 13:31:49,193 [WARN] ApiDb:259 - Overriding images path with different value:  => C:\ST\STM32CubeIDE_1.18.0\STM32CubeIDE\plugins\com.st.stm32cube.common.mx_6.14.0.202502271554\\db\/plugins/mcufinder/images/
2026-08-15 13:31:49,210 [INFO] ApiDb:250 - Set database path to: C:\Users\Admin\.stmcufinder\plugins\mcufinder//mcu/
2026-08-15 13:31:49,212 [INFO] DbMcusAds:125 - Set database path to: C:\Users\Admin\.stmcufinder\plugins\mcufinder//mcu/
2026-08-15 13:31:49,217 [INFO] CrossReferenceDbSqlite:203 - Set database path to: C:\Users\Admin\.stmcufinder\plugins\mcufinder//mcu/cs/
2026-08-15 13:31:49,390 [INFO] RulesReader:64 - Compatibility file has been processed (301 Rules)
2026-08-15 13:31:49,508 [INFO] DbMcusXml:78 - Set database path to: C:\ST\STM32CubeIDE_1.18.0\STM32CubeIDE\plugins\com.st.stm32cube.common.mx_6.14.0.202502271554\\db\/mcu/
2026-08-15 13:31:49,509 [INFO] ApiDb:274 - Set plugin database path to: C:\ST\STM32CubeIDE_1.18.0\STM32CubeIDE\plugins\com.st.stm32cube.common.mx_6.14.0.202502271554\\db\/plugins/boardmanager/
2026-08-15 13:31:49,509 [INFO] ApiDb:261 - Set plugin images path to: C:\ST\STM32CubeIDE_1.18.0\STM32CubeIDE\plugins\com.st.stm32cube.common.mx_6.14.0.202502271554\\db\/plugins/mcufinder/images/
2026-08-15 13:31:49,509 [WARN] DbFile:41 - Overriding database path with different value: C:\Users\Admin\.stmcufinder\plugins\mcufinder/ => C:\Users\Admin\.stmcufinder\plugins\mcufinder
2026-08-15 13:31:49,509 [INFO] ApiDb:250 - Set database path to: C:\Users\Admin\.stmcufinder\plugins\mcufinder//mcu/
2026-08-15 13:31:49,509 [WARN] DbFile:41 - Overriding database path with different value: C:\Users\Admin\.stmcufinder\plugins\mcufinder/ => C:\Users\Admin\.stmcufinder\plugins\mcufinder
2026-08-15 13:31:49,510 [INFO] DbMcusAds:125 - Set database path to: C:\Users\Admin\.stmcufinder\plugins\mcufinder//mcu/
2026-08-15 13:31:49,510 [WARN] DbFile:41 - Overriding database path with different value: C:\Users\Admin\.stmcufinder\plugins\mcufinder/ => C:\Users\Admin\.stmcufinder\plugins\mcufinder
2026-08-15 13:31:49,510 [WARN] DbFile:41 - Overriding database path with different value: C:\Users\Admin\.stmcufinder\plugins\mcufinder/ => C:\Users\Admin\.stmcufinder\plugins\mcufinder
2026-08-15 13:31:49,510 [INFO] CrossReferenceDbSqlite:203 - Set database path to: C:\Users\Admin\.stmcufinder\plugins\mcufinder//mcu/cs/
2026-08-15 13:31:49,629 [INFO] MainPanel:272 - HeapMemory: 268435456
2026-08-15 13:31:49,794 [INFO] DbMcusXml:78 - Set database path to: C:\ST\STM32CubeIDE_1.18.0\STM32CubeIDE\plugins\com.st.stm32cube.common.mx_6.14.0.202502271554\\db\/mcu/
2026-08-15 13:31:49,794 [INFO] ApiDb:274 - Set plugin database path to: C:\ST\STM32CubeIDE_1.18.0\STM32CubeIDE\plugins\com.st.stm32cube.common.mx_6.14.0.202502271554\\db\/plugins/boardmanager/
2026-08-15 13:31:49,794 [INFO] ApiDb:261 - Set plugin images path to: C:\ST\STM32CubeIDE_1.18.0\STM32CubeIDE\plugins\com.st.stm32cube.common.mx_6.14.0.202502271554\\db\/plugins/mcufinder/images/
2026-08-15 13:31:49,798 [WARN] DbFile:41 - Overriding database path with different value: C:\Users\Admin\.stmcufinder\plugins\mcufinder/ => C:\Users\Admin\.stmcufinder\plugins\mcufinder
2026-08-15 13:31:49,798 [INFO] ApiDb:250 - Set database path to: C:\Users\Admin\.stmcufinder\plugins\mcufinder//mcu/
2026-08-15 13:31:49,798 [WARN] DbFile:41 - Overriding database path with different value: C:\Users\Admin\.stmcufinder\plugins\mcufinder/ => C:\Users\Admin\.stmcufinder\plugins\mcufinder
2026-08-15 13:31:49,798 [INFO] DbMcusAds:125 - Set database path to: C:\Users\Admin\.stmcufinder\plugins\mcufinder//mcu/
2026-08-15 13:31:49,798 [WARN] DbFile:41 - Overriding database path with different value: C:\Users\Admin\.stmcufinder\plugins\mcufinder/ => C:\Users\Admin\.stmcufinder\plugins\mcufinder
2026-08-15 13:31:49,798 [WARN] DbFile:41 - Overriding database path with different value: C:\Users\Admin\.stmcufinder\plugins\mcufinder/ => C:\Users\Admin\.stmcufinder\plugins\mcufinder
2026-08-15 13:31:49,798 [INFO] CrossReferenceDbSqlite:203 - Set database path to: C:\Users\Admin\.stmcufinder\plugins\mcufinder//mcu/cs/
2026-08-15 13:31:49,828 [INFO] ApplicationProperties:184 - Using Application install path: C:\ST\STM32CubeIDE_1.18.0\STM32CubeIDE\plugins\com.st.stm32cube.common.mx_6.14.0.202502271554
2026-08-15 13:31:49,830 [INFO] PluginManage:196 - Search for loadable plugins [exclusion list=, ]
2026-08-15 13:31:49,832 [INFO] PluginManage:310 - Check plugin analytics
2026-08-15 13:31:50,138 [INFO] AnalyticsPlugin:253 - Accepted Software Licenses: STM32CubeMX.6.9.2,STM32CubeMX.6.17.0
2026-08-15 13:31:50,138 [INFO] AnalyticsPlugin:255 - Accepted CMSIS Pack Licenses: 
2026-08-15 13:31:50,140 [INFO] AnalyticsPlugin:257 - Accepted Firmware Licenses: 
2026-08-15 13:31:50,143 [INFO] PluginManage:359 - Loaded plugin analytics (category:tool,tabindex:-1)
2026-08-15 13:31:50,143 [INFO] PluginManage:310 - Check plugin cadmodel
2026-08-15 13:31:50,145 [ERROR] ConfigurationRetriever:142 - IOException on connection: sw-center.st.com
2026-08-15 13:31:50,145 [ERROR] ConfigurationRetriever:142 - IOException on connection: sw-center.st.com
2026-08-15 13:31:50,145 [ERROR] ConfigurationRetriever:142 - IOException on connection: sw-center.st.com
2026-08-15 13:31:50,156 [INFO] CADModel:105 - Init CAD model plugin
2026-08-15 13:31:50,156 [INFO] PluginManage:359 - Loaded plugin cadmodel (category:power,tabindex:5)
2026-08-15 13:31:50,156 [INFO] PluginManage:310 - Check plugin clock
2026-08-15 13:31:50,172 [INFO] PluginManage:359 - Loaded plugin clock (category:base,tabindex:2)
2026-08-15 13:31:50,172 [INFO] PluginManage:310 - Check plugin ddr
2026-08-15 13:31:50,175 [INFO] PluginManage:359 - Loaded plugin ddr (category:tool,tabindex:6)
2026-08-15 13:31:50,175 [INFO] PluginManage:310 - Check plugin filemanager
2026-08-15 13:31:50,379 [INFO] PluginManage:359 - Loaded plugin filemanager (category:base,tabindex:10)
2026-08-15 13:31:50,379 [INFO] PluginManage:310 - Check plugin ipmanager
2026-08-15 13:31:50,387 [INFO] PluginManage:359 - Loaded plugin ipmanager (category:base,tabindex:5)
2026-08-15 13:31:50,387 [INFO] PluginManage:310 - Check plugin lpbam
2026-08-15 13:31:50,395 [INFO] PluginManage:359 - Loaded plugin lpbam (category:base,tabindex:0)
2026-08-15 13:31:50,395 [INFO] PluginManage:310 - Check plugin memorymap
2026-08-15 13:31:50,423 [INFO] PluginManage:359 - Loaded plugin memorymap (category:base,tabindex:4)
2026-08-15 13:31:50,423 [INFO] PluginManage:310 - Check plugin pinoutandconfiguration
2026-08-15 13:31:50,425 [INFO] PluginManage:359 - Loaded plugin pinoutandconfiguration (category:base,tabindex:1)
2026-08-15 13:31:50,425 [INFO] PluginManage:310 - Check plugin pinoutconfig
2026-08-15 13:31:50,568 [WARN] SupportedApi:132 - Cannot load RTOS API schema: s4s-elt-must-match.1: The content of 'definitions' must match (annotation?, (simpleType | complexType)?, (unique | key | keyref)*)). A problem was found starting at: attribute.
2026-08-15 13:31:50,777 [INFO] PluginManage:359 - Loaded plugin pinoutconfig (category:base,tabindex:0)
2026-08-15 13:31:50,777 [INFO] PluginManage:310 - Check plugin power
2026-08-15 13:31:50,797 [INFO] PluginManage:359 - Loaded plugin power (category:power,tabindex:4)
2026-08-15 13:31:50,797 [INFO] PluginManage:310 - Check plugin projectmanager
2026-08-15 13:31:50,822 [INFO] PluginManage:359 - Loaded plugin projectmanager (category:projectmanager,tabindex:4)
2026-08-15 13:31:50,822 [INFO] PluginManage:310 - Check plugin rif
2026-08-15 13:31:50,826 [INFO] PluginManage:359 - Loaded plugin rif (category:base,tabindex:3)
2026-08-15 13:31:50,834 [INFO] PluginManage:310 - Check plugin thirdparty
2026-08-15 13:31:51,021 [WARN] IntegrityCheckThread:84 - waiting for thirdparty lock release [integrity check]
2026-08-15 13:31:51,021 [INFO] PluginManage:359 - Loaded plugin thirdparty (category:base,tabindex:-1)
2026-08-15 13:31:51,023 [INFO] PluginManage:310 - Check plugin tools
2026-08-15 13:31:51,021 [INFO] IntegrityCheckThread:86 - entering critical section [integrity check]
2026-08-15 13:31:51,023 [INFO] ThirdPartyUpdaterWithRetryManager:70 - Updater plugin not ready yet. [1/15]
2026-08-15 13:31:51,025 [INFO] PluginManage:359 - Loaded plugin tools (category:base,tabindex:7)
2026-08-15 13:31:51,027 [INFO] PluginManage:310 - Check plugin tutovideos
2026-08-15 13:31:51,248 [INFO] PluginManage:359 - Loaded plugin tutovideos (category:base,tabindex:-1)
2026-08-15 13:31:51,248 [INFO] PluginManage:310 - Check plugin updater
2026-08-15 13:31:51,278 [INFO] PluginManage:359 - Loaded plugin updater (category:base,tabindex:12)
2026-08-15 13:31:51,278 [INFO] PluginManage:310 - Check plugin userauth
2026-08-15 13:31:51,284 [INFO] UserAuth:118 - Init User Auth plugin
2026-08-15 13:31:51,284 [INFO] PluginManage:359 - Loaded plugin userauth (category:base,tabindex:14)
2026-08-15 13:31:51,286 [INFO] PluginManage:283 - PluginManage : Loaded plugins [18]
2026-08-15 13:31:51,537 [INFO] PinOutPanel:1589 - setPackage(No Configuration,No Configuration)
2026-08-15 13:31:51,638 [INFO] CADModel:165 - CPN selected for project level
2026-08-15 13:31:51,638 [INFO] CADModel:114 - Register for checkConnection events
2026-08-15 13:31:51,654 [INFO] IPUIPlugin:80 - create IPUIPlugin
2026-08-15 13:31:51,654 [INFO] PluginManager:220 - loadIPPluginJar : add adc
2026-08-15 13:31:51,666 [INFO] IPUIPlugin:80 - create IPUIPlugin
2026-08-15 13:31:51,666 [INFO] PluginManager:220 - loadIPPluginJar : add aes
2026-08-15 13:31:51,670 [INFO] IPUIPlugin:80 - create IPUIPlugin
2026-08-15 13:31:51,670 [INFO] PluginManager:220 - loadIPPluginJar : add can
2026-08-15 13:31:51,672 [INFO] IPUIPlugin:80 - create IPUIPlugin
2026-08-15 13:31:51,672 [INFO] PluginManager:220 - loadIPPluginJar : add comp
2026-08-15 13:31:51,676 [INFO] IPUIPlugin:80 - create IPUIPlugin
2026-08-15 13:31:51,676 [INFO] PluginManager:220 - loadIPPluginJar : add cryp
2026-08-15 13:31:51,680 [INFO] IPUIPlugin:80 - create IPUIPlugin
2026-08-15 13:31:51,680 [INFO] PluginManager:220 - loadIPPluginJar : add ddr_ctrl_phy
2026-08-15 13:31:51,684 [INFO] IPUIPlugin:80 - create IPUIPlugin
2026-08-15 13:31:51,684 [INFO] PluginManager:220 - loadIPPluginJar : add dfsdm
2026-08-15 13:31:51,690 [INFO] IPUIPlugin:80 - create IPUIPlugin
2026-08-15 13:31:51,692 [INFO] PluginManager:220 - loadIPPluginJar : add dma
2026-08-15 13:31:51,694 [INFO] IPUIPlugin:80 - create IPUIPlugin
2026-08-15 13:31:51,696 [INFO] PluginManager:220 - loadIPPluginJar : add dma3
2026-08-15 13:31:51,700 [INFO] IPUIPlugin:80 - create IPUIPlugin
2026-08-15 13:31:51,700 [INFO] PluginManager:220 - loadIPPluginJar : add extmemmanager
2026-08-15 13:31:51,702 [INFO] IPUIPlugin:80 - create IPUIPlugin
2026-08-15 13:31:51,702 [INFO] PluginManager:220 - loadIPPluginJar : add fatfs
2026-08-15 13:31:51,708 [INFO] IPUIPlugin:80 - create IPUIPlugin
2026-08-15 13:31:51,708 [INFO] PluginManager:220 - loadIPPluginJar : add fmc
2026-08-15 13:31:51,716 [INFO] IPUIPlugin:80 - create IPUIPlugin
2026-08-15 13:31:51,716 [INFO] PluginManager:220 - loadIPPluginJar : add freertos
2026-08-15 13:31:51,719 [INFO] IPUIPlugin:80 - create IPUIPlugin
2026-08-15 13:31:51,719 [INFO] PluginManager:220 - loadIPPluginJar : add genericplugin
2026-08-15 13:31:51,719 [INFO] IPUIPlugin:80 - create IPUIPlugin
2026-08-15 13:31:51,719 [INFO] PluginManager:220 - loadIPPluginJar : add gfxmmu
2026-08-15 13:31:51,727 [INFO] IPUIPlugin:80 - create IPUIPlugin
2026-08-15 13:31:51,727 [INFO] PluginManager:220 - loadIPPluginJar : add gic
2026-08-15 13:31:51,733 [INFO] IPUIPlugin:80 - create IPUIPlugin
2026-08-15 13:31:51,733 [INFO] PluginManager:220 - loadIPPluginJar : add gpio
2026-08-15 13:31:51,738 [INFO] IPUIPlugin:80 - create IPUIPlugin
2026-08-15 13:31:51,738 [INFO] PluginManager:220 - loadIPPluginJar : add gtzc
2026-08-15 13:31:51,740 [INFO] IPUIPlugin:80 - create IPUIPlugin
2026-08-15 13:31:51,740 [INFO] PluginManager:220 - loadIPPluginJar : add hash
2026-08-15 13:31:51,743 [INFO] IPUIPlugin:80 - create IPUIPlugin
2026-08-15 13:31:51,745 [INFO] PluginManager:220 - loadIPPluginJar : add i2c
2026-08-15 13:31:51,747 [INFO] IPUIPlugin:80 - create IPUIPlugin
2026-08-15 13:31:51,747 [INFO] PluginManager:220 - loadIPPluginJar : add i2s
2026-08-15 13:31:51,751 [INFO] IPUIPlugin:80 - create IPUIPlugin
2026-08-15 13:31:51,751 [INFO] PluginManager:220 - loadIPPluginJar : add i3c
2026-08-15 13:31:51,753 [INFO] IPUIPlugin:80 - create IPUIPlugin
2026-08-15 13:31:51,755 [INFO] PluginManager:220 - loadIPPluginJar : add ipddr
2026-08-15 13:31:51,765 [INFO] IPUIPlugin:80 - create IPUIPlugin
2026-08-15 13:31:51,765 [INFO] PluginManager:220 - loadIPPluginJar : add linkedlist
2026-08-15 13:31:51,769 [INFO] IPUIPlugin:80 - create IPUIPlugin
2026-08-15 13:31:51,769 [INFO] PluginManager:220 - loadIPPluginJar : add lorawan
2026-08-15 13:31:51,771 [INFO] IPUIPlugin:80 - create IPUIPlugin
2026-08-15 13:31:51,772 [INFO] PluginManager:220 - loadIPPluginJar : add ltdc
2026-08-15 13:31:51,778 [INFO] IPUIPlugin:80 - create IPUIPlugin
2026-08-15 13:31:51,778 [INFO] PluginManager:220 - loadIPPluginJar : add mdma
2026-08-15 13:31:51,785 [INFO] IPUIPlugin:80 - create IPUIPlugin
2026-08-15 13:31:51,785 [INFO] PluginManager:220 - loadIPPluginJar : add nvic
2026-08-15 13:31:51,789 [INFO] IPUIPlugin:80 - create IPUIPlugin
2026-08-15 13:31:51,789 [INFO] PluginManager:220 - loadIPPluginJar : add opamp
2026-08-15 13:31:51,791 [INFO] IPUIPlugin:80 - create IPUIPlugin
2026-08-15 13:31:51,791 [INFO] PluginManager:220 - loadIPPluginJar : add openamp
2026-08-15 13:31:51,791 [INFO] IPUIPlugin:80 - create IPUIPlugin
2026-08-15 13:31:51,791 [INFO] PluginManager:220 - loadIPPluginJar : add pdm2pcm
2026-08-15 13:31:51,801 [INFO] IPUIPlugin:80 - create IPUIPlugin
2026-08-15 13:31:51,809 [INFO] PluginManager:220 - loadIPPluginJar : add plateformsettings
2026-08-15 13:31:51,811 [INFO] IPUIPlugin:80 - create IPUIPlugin
2026-08-15 13:31:51,811 [INFO] PluginManager:220 - loadIPPluginJar : add quadspi
2026-08-15 13:31:51,813 [INFO] IPUIPlugin:80 - create IPUIPlugin
2026-08-15 13:31:51,813 [INFO] PluginManager:220 - loadIPPluginJar : add radio
2026-08-15 13:31:51,819 [INFO] IPUIPlugin:80 - create IPUIPlugin
2026-08-15 13:31:51,819 [INFO] PluginManager:220 - loadIPPluginJar : add resmgrutility
2026-08-15 13:31:51,822 [INFO] IPUIPlugin:80 - create IPUIPlugin
2026-08-15 13:31:51,822 [INFO] PluginManager:220 - loadIPPluginJar : add sai
2026-08-15 13:31:51,826 [INFO] IPUIPlugin:80 - create IPUIPlugin
2026-08-15 13:31:51,826 [INFO] PluginManager:220 - loadIPPluginJar : add spi
2026-08-15 13:31:51,828 [INFO] IPUIPlugin:80 - create IPUIPlugin
2026-08-15 13:31:51,828 [INFO] PluginManager:220 - loadIPPluginJar : add stm32_wpan
2026-08-15 13:31:51,828 [INFO] IPUIPlugin:80 - create IPUIPlugin
2026-08-15 13:31:51,828 [INFO] PluginManager:220 - loadIPPluginJar : add tim
2026-08-15 13:31:51,842 [INFO] IPUIPlugin:80 - create IPUIPlugin
2026-08-15 13:31:51,842 [INFO] PluginManager:220 - loadIPPluginJar : add touchsensing
2026-08-15 13:31:51,842 [INFO] IPUIPlugin:80 - create IPUIPlugin
2026-08-15 13:31:51,842 [INFO] PluginManager:220 - loadIPPluginJar : add tracer_emb
2026-08-15 13:31:51,848 [INFO] IPUIPlugin:80 - create IPUIPlugin
2026-08-15 13:31:51,848 [INFO] PluginManager:220 - loadIPPluginJar : add ts
2026-08-15 13:31:51,851 [INFO] IPUIPlugin:80 - create IPUIPlugin
2026-08-15 13:31:51,851 [INFO] PluginManager:220 - loadIPPluginJar : add tsc
2026-08-15 13:31:51,853 [INFO] IPUIPlugin:80 - create IPUIPlugin
2026-08-15 13:31:51,853 [INFO] PluginManager:220 - loadIPPluginJar : add ucpd
2026-08-15 13:31:51,855 [INFO] IPUIPlugin:80 - create IPUIPlugin
2026-08-15 13:31:51,855 [INFO] PluginManager:220 - loadIPPluginJar : add usart
2026-08-15 13:31:51,860 [INFO] IPUIPlugin:80 - create IPUIPlugin
2026-08-15 13:31:51,860 [INFO] PluginManager:220 - loadIPPluginJar : add usbx
2026-08-15 13:31:51,988 [FATAL] Updater:351 - Updater called before beeing initialized
2026-08-15 13:31:52,015 [INFO] RulesReader:64 - Compatibility file has been processed (301 Rules)
2026-08-15 13:31:52,029 [INFO] RulesReader:64 - Compatibility file has been processed (301 Rules)
2026-08-15 13:31:52,037 [INFO] CADModel:165 - CPN selected for project level
2026-08-15 13:31:52,037 [INFO] CADModel:114 - Register for checkConnection events
2026-08-15 13:31:52,037 [FATAL] Updater:351 - Updater called before beeing initialized
2026-08-15 13:31:52,037 [ERROR] CADModel:125 - Updater not yet initialized, retry later 
2026-08-15 13:31:52,207 [FATAL] Updater:351 - Updater called before beeing initialized
2026-08-15 13:31:52,210 [INFO] CADModel:165 - CPN selected for project level
2026-08-15 13:31:52,210 [INFO] CADModel:114 - Register for checkConnection events
2026-08-15 13:31:52,210 [FATAL] Updater:351 - Updater called before beeing initialized
2026-08-15 13:31:52,210 [ERROR] CADModel:125 - Updater not yet initialized, retry later 
2026-08-15 13:31:52,210 [FATAL] Updater:351 - Updater called before beeing initialized
2026-08-15 13:31:52,335 [FATAL] Updater:351 - Updater called before beeing initialized
2026-08-15 13:31:52,338 [INFO] DbMcusAds:53 - JSON generation date=Wed Jul 15 16:44:54 ICT 2026 (1784108694001)
2026-08-15 13:31:52,338 [FATAL] Updater:351 - Updater called before beeing initialized
2026-08-15 13:31:52,383 [WARN] DetailPanel:346 - Failed to get advertising image, set to default
2026-08-15 13:31:52,646 [FATAL] Updater:351 - Updater called before beeing initialized
2026-08-15 13:31:52,648 [FATAL] Updater:351 - Updater called before beeing initialized
2026-08-15 13:31:52,648 [FATAL] Updater:351 - Updater called before beeing initialized
2026-08-15 13:31:52,648 [WARN] DetailPanel:346 - Failed to get advertising image, set to default
2026-08-15 13:31:52,648 [FATAL] Updater:351 - Updater called before beeing initialized
2026-08-15 13:31:52,698 [ERROR] Updater:1198 - MainUpdater not yet initialized. External WinMGr cannot be set.
2026-08-15 13:31:52,700 [INFO] Updater:1134 - Updater Version found : 6.14.0
2026-08-15 13:31:52,719 [INFO] ApplicationProperties:184 - Using Application install path: C:\ST\STM32CubeIDE_1.18.0\STM32CubeIDE\plugins\com.st.stm32cube.common.mx_6.14.0.202502271554
2026-08-15 13:31:53,024 [INFO] MainUpdater:2872 - connection check result : 22
2026-08-15 13:31:53,026 [INFO] MainUpdater:289 - Updater Check For Update Now.
2026-08-15 13:31:53,026 [INFO] MicroXplorer:498 - Change Database Version : DB.6.0.140
2026-08-15 13:31:53,045 [INFO] McuFinderGlobals:63 - Set McuFinder mode to 2 (CubeIDE integrated)
2026-08-15 13:31:53,047 [INFO] UserAuth:486 - Internet connection configuration mode: 2
2026-08-15 13:31:53,062 [INFO] UserAuth:486 - Internet connection configuration mode: 2
2026-08-15 13:31:53,266 [INFO] CheckServerUpdateThread:120 - End of CheckServer Thread
2026-08-15 13:31:54,330 [WARN] PackLoader:240 - Cannot read IP mode file for STMicroelectronics.X-CUBE-AZRTOS-H7.3.5.0
2026-08-15 13:31:54,347 [WARN] PackLoader:240 - Cannot read IP mode file for STMicroelectronics.FP-SNS-MOTENVWB1.1.4.0
2026-08-15 13:31:54,355 [WARN] PackLoader:240 - Cannot read IP mode file for STMicroelectronics.FP-ATR-ASTRA1.2.0.3
2026-08-15 13:31:54,361 [WARN] PackLoader:240 - Cannot read IP mode file for STMicroelectronics.FP-ATR-ASTRA1.2.0.2
2026-08-15 13:31:54,367 [WARN] PackLoader:240 - Cannot read IP mode file for STMicroelectronics.FP-ATR-ASTRA1.2.0.1
2026-08-15 13:31:54,377 [ERROR] Engine:466 - C:\Users\Admin\.stm32cubemx\thirdparties\pdsc\STMicroelectronics.X-CUBE-SMBUS.2.1.1.pdsc: PDSC version is not supported
2026-08-15 13:31:54,382 [WARN] PackLoader:240 - Cannot read IP mode file for STMicroelectronics.X-CUBE-SMBUS.2.1.0
2026-08-15 13:31:54,389 [WARN] PackLoader:240 - Cannot read IP mode file for STMicroelectronics.X-CUBE-ST60.1.0.0
2026-08-15 13:31:54,420 [WARN] PackLoader:240 - Cannot read IP mode file for STMicroelectronics.X-CUBE-AZRTOS-F7.1.1.0
2026-08-15 13:31:54,428 [ERROR] Engine:466 - C:\Users\Admin\.stm32cubemx\thirdparties\pdsc\STMicroelectronics.X-CUBE-FREERTOS.1.6.0.pdsc: PDSC version is not supported
2026-08-15 13:31:54,431 [ERROR] Engine:466 - C:\Users\Admin\.stm32cubemx\thirdparties\pdsc\STMicroelectronics.FP-SNS-MOTENV1.5.1.0.pdsc: PDSC version is not supported
2026-08-15 13:31:54,460 [WARN] PackLoader:240 - Cannot read IP mode file for STMicroelectronics.X-CUBE-AZRTOS-H7RS.1.3.0
2026-08-15 13:31:54,472 [WARN] PackLoader:240 - Cannot read IP mode file for STMicroelectronics.FP-SNS-FLIGHT1.5.0.2
2026-08-15 13:31:54,500 [WARN] PackLoader:240 - Cannot read IP mode file for Infineon.AIROC-Wi-Fi-Bluetooth-STM32.1.7.0
2026-08-15 13:31:54,541 [WARN] PackLoader:240 - Cannot read IP mode file for STMicroelectronics.X-CUBE-AZRTOS-H7.3.4.0
2026-08-15 13:31:54,558 [WARN] PackLoader:240 - Cannot read IP mode file for STMicroelectronics.X-CUBE-DISPLAY.3.0.0
2026-08-15 13:31:54,578 [WARN] PackLoader:240 - Cannot read IP mode file for STMicroelectronics.X-CUBE-GNSS1.7.1.1
2026-08-15 13:31:54,582 [ERROR] Engine:466 - C:\Users\Admin\.stm32cubemx\thirdparties\pdsc\STMicroelectronics.FP-SNS-MOTENVWB1.1.5.0.pdsc: PDSC version is not supported
2026-08-15 13:31:54,591 [WARN] PackLoader:240 - Cannot read IP mode file for STMicroelectronics.X-CUBE-BLE1.7.0.0
2026-08-15 13:31:54,605 [WARN] PackLoader:240 - Cannot read IP mode file for STMicroelectronics.X-CUBE-BLEMGR.4.0.0
2026-08-15 13:31:54,616 [WARN] PackLoader:240 - Cannot read IP mode file for STMicroelectronics.X-CUBE-ST60.1.1.0
2026-08-15 13:31:54,627 [WARN] PackLoader:240 - Cannot read IP mode file for emotas.I-CUBE-CANOPEN.1.3.0
2026-08-15 13:31:54,631 [ERROR] Engine:466 - C:\Users\Admin\.stm32cubemx\thirdparties\pdsc\STMicroelectronics.X-CUBE-WBA.1.1.0.pdsc: PDSC version is not supported
2026-08-15 13:31:54,638 [WARN] PackLoader:240 - Cannot read IP mode file for STMicroelectronics.X-CUBE-GNSS1.7.1.0
2026-08-15 13:31:54,668 [WARN] ConditionMgr:438 - getConditionDescription Invalid condition id : Cortex-A Device cause : null
2026-08-15 13:31:54,689 [WARN] ConditionMgr:1044 - genDependencies : Invalid condition id : Cortex-A Device cause : null
2026-08-15 13:31:54,689 [WARN] ConditionMgr:1044 - genDependencies : Invalid condition id : Cortex-A Device cause : null
2026-08-15 13:31:54,689 [WARN] ConditionMgr:1044 - genDependencies : Invalid condition id : Cortex-A Device cause : null
2026-08-15 13:31:54,695 [WARN] PackLoader:240 - Cannot read IP mode file for STMicroelectronics.X-CUBE-AI.10.0.0
2026-08-15 13:31:54,701 [ERROR] Engine:466 - C:\Users\Admin\.stm32cubemx\thirdparties\pdsc\STMicroelectronics.FP-SNS-STBOX1.2.1.0.pdsc: PDSC version is not supported
2026-08-15 13:31:54,705 [WARN] PackLoader:240 - Cannot read IP mode file for STMicroelectronics.FP-SNS-FLIGHT1.5.1.0
2026-08-15 13:31:54,775 [WARN] PackLoader:240 - Cannot read IP mode file for STMicroelectronics.X-CUBE-MEMS1.11.1.0
2026-08-15 13:31:54,986 [INFO] LogOutputStream:77 - [STDOUT_REDIRECT] 1 : Invalid condition id : UX_CORESTACK_Condition cause : null
2026-08-15 13:31:54,987 [INFO] LogOutputStream:77 - [STDOUT_REDIRECT] 1 : Invalid condition id : UX_CORESTACK_Condition cause : null
2026-08-15 13:31:54,989 [INFO] LogOutputStream:77 - [STDOUT_REDIRECT] 1 : Invalid condition id : UX_CORESTACK_Condition cause : null
2026-08-15 13:31:54,991 [INFO] LogOutputStream:77 - [STDOUT_REDIRECT] 1 : Invalid condition id : UX_CORESTACK_Condition cause : null
2026-08-15 13:31:54,992 [INFO] LogOutputStream:77 - [STDOUT_REDIRECT] 1 : Invalid condition id : UX_CORESTACK_Condition cause : null
2026-08-15 13:31:54,996 [WARN] PackLoader:240 - Cannot read IP mode file for STMicroelectronics.X-CUBE-AZRTOS-WL.2.0.0
2026-08-15 13:31:55,002 [WARN] PackLoader:240 - Cannot read IP mode file for STMicroelectronics.FP-SNS-MOTENV1.5.0.0
2026-08-15 13:31:55,021 [WARN] PackLoader:240 - Cannot read IP mode file for STMicroelectronics.X-CUBE-AZRTOS-H7RS.1.2.0
2026-08-15 13:31:55,034 [WARN] PackLoader:240 - Cannot read IP mode file for WES.I-CUBE-Cesium.1.3.0
2026-08-15 13:31:55,038 [WARN] PackLoader:240 - Cannot read IP mode file for STMicroelectronics.X-CUBE-BLE2.3.3.0
2026-08-15 13:31:55,058 [WARN] PackLoader:240 - Cannot read IP mode file for STMicroelectronics.X-CUBE-BLE1.7.1.0
2026-08-15 13:31:55,062 [ERROR] Engine:466 - C:\Users\Admin\.stm32cubemx\thirdparties\pdsc\STMicroelectronics.X-CUBE-FREERTOS.1.4.0.pdsc: PDSC version is not supported
2026-08-15 13:31:55,067 [WARN] PackLoader:240 - Cannot read IP mode file for STMicroelectronics.X-CUBE-EEPRMA1.5.2.0
2026-08-15 13:31:55,071 [ERROR] Engine:466 - C:\Users\Admin\.stm32cubemx\thirdparties\pdsc\STMicroelectronics.X-CUBE-ST67W61.1.1.0.pdsc: PDSC version is not supported
2026-08-15 13:31:55,075 [ERROR] Engine:466 - C:\Users\Admin\.stm32cubemx\thirdparties\pdsc\STMicroelectronics.FP-SNS-STAIOTCFT.1.1.0.pdsc: PDSC version is not supported
2026-08-15 13:31:55,122 [WARN] PackLoader:240 - Cannot read IP mode file for STMicroelectronics.X-CUBE-MEMS1.12.0.0
2026-08-15 13:31:55,246 [WARN] PackLoader:240 - Cannot read IP mode file for STMicroelectronics.X-CUBE-MEMS1.11.2.0
2026-08-15 13:31:55,380 [WARN] PackLoader:240 - Cannot read IP mode file for STMicroelectronics.X-CUBE-AZRTOS-G0.1.1.0
2026-08-15 13:31:55,390 [WARN] PackLoader:240 - Cannot read IP mode file for STMicroelectronics.X-CUBE-NFC4.3.0.0
2026-08-15 13:31:55,402 [WARN] PackLoader:240 - Cannot read IP mode file for EmbeddedOffice.I-CUBE-FS-RTOS.1.0.1
2026-08-15 13:31:55,413 [WARN] PackLoader:240 - Cannot read IP mode file for STMicroelectronics.X-CUBE-WB05N.2.0.0
2026-08-15 13:31:55,420 [WARN] PackLoader:240 - Cannot read IP mode file for STMicroelectronics.FP-ATR-SIGFOX1.3.2.0
2026-08-15 13:31:55,427 [WARN] PackLoader:240 - Cannot read IP mode file for STMicroelectronics.X-CUBE-EEPRMA1.5.1.0
2026-08-15 13:31:55,433 [ERROR] Engine:466 - C:\Users\Admin\.stm32cubemx\thirdparties\pdsc\STMicroelectronics.X-CUBE-FREERTOS.1.5.0.pdsc: PDSC version is not supported
2026-08-15 13:31:55,441 [WARN] PackLoader:240 - Cannot read IP mode file for ITTIA_DB.I-CUBE-ITTIADB.8.9.0
2026-08-15 13:31:55,450 [WARN] PackLoader:240 - Cannot read IP mode file for STMicroelectronics.X-CUBE-NFC6.3.2.0
2026-08-15 13:31:55,485 [WARN] PackLoader:240 - Cannot read IP mode file for STMicroelectronics.X-CUBE-ST67W61.1.0.0
2026-08-15 13:31:55,493 [WARN] PackLoader:240 - Cannot read IP mode file for STMicroelectronics.X-CUBE-AI.10.2.1
2026-08-15 13:31:55,505 [WARN] PackLoader:240 - Cannot read IP mode file for STMicroelectronics.X-CUBE-AI.10.2.0
2026-08-15 13:31:55,575 [WARN] PackLoader:240 - Cannot read IP mode file for STMicroelectronics.X-CUBE-MEMS1.12.1.0
2026-08-15 13:31:55,697 [WARN] PackLoader:240 - Cannot read IP mode file for SEGGER.I-CUBE-embOS.1.3.1
2026-08-15 13:31:55,736 [WARN] PackLoader:240 - Cannot read IP mode file for STMicroelectronics.X-CUBE-ALGOBUILD.1.4.0
2026-08-15 13:31:55,782 [WARN] PackLoader:240 - Cannot read IP mode file for STMicroelectronics.X-CUBE-MEMS1.11.3.0
2026-08-15 13:31:55,931 [WARN] PackLoader:240 - Cannot read IP mode file for STMicroelectronics.X-CUBE-NFC13.1.0.0
2026-08-15 13:31:55,936 [WARN] PackLoader:240 - Cannot read IP mode file for STMicroelectronics.X-CUBE-PM33A1.1.0.0
2026-08-15 13:31:55,949 [WARN] PackLoader:240 - Cannot read IP mode file for STMicroelectronics.X-CUBE-AZRTOS-F4.1.1.0
2026-08-15 13:31:55,954 [WARN] PackLoader:240 - Cannot read IP mode file for Avnet-IotConnect.X-CUBE-IoTC-DA16k-PMOD.1.0.0
2026-08-15 13:31:55,961 [ERROR] Engine:466 - C:\Users\Admin\.stm32cubemx\thirdparties\pdsc\STMicroelectronics.X-CUBE-IPS.3.2.0.pdsc: PDSC version is not supported
2026-08-15 13:31:55,966 [WARN] PackLoader:240 - Cannot read IP mode file for STMicroelectronics.eDS-WB_DPC_TT-BIDIR.2.1.1
2026-08-15 13:31:55,973 [WARN] PackLoader:240 - Cannot read IP mode file for STMicroelectronics.X-CUBE-NFC12.1.0.0
2026-08-15 13:31:55,991 [WARN] PackLoader:240 - Cannot read IP mode file for STMicroelectronics.X-CUBE-AZRTOS-L5.2.0.0
2026-08-15 13:31:56,002 [WARN] PackLoader:240 - Cannot read IP mode file for STMicroelectronics.X-CUBE-NFC6.3.1.0
2026-08-15 13:31:56,010 [WARN] PackLoader:240 - Cannot read IP mode file for STMicroelectronics.X-CUBE-ALGOBUILD.1.5.0
2026-08-15 13:31:56,015 [WARN] PackLoader:240 - Cannot read IP mode file for STMicroelectronics.X-CUBE-DPower.1.2.0
2026-08-15 13:31:56,018 [WARN] PackLoader:240 - Cannot read IP mode file for STMicroelectronics.eDS-WB_DPC_VIENNA.1.2.0
2026-08-15 13:31:56,061 [WARN] PackLoader:240 - Cannot read IP mode file for STMicroelectronics.X-CUBE-MEMS1.13.0.0
2026-08-15 13:31:56,138 [WARN] PackLoader:240 - Cannot read IP mode file for STMicroelectronics.eDS-WB_DPC_3PH2L-BIDIR.1.1.1
2026-08-15 13:31:56,142 [ERROR] Engine:466 - C:\Users\Admin\.stm32cubemx\thirdparties\pdsc\STMicroelectronics.X-CUBE-ST67W61.1.3.0.pdsc: PDSC version is not supported
2026-08-15 13:31:56,149 [WARN] PackLoader:240 - Cannot read IP mode file for STMicroelectronics.X-CUBE-FREERTOS.1.3.1
2026-08-15 13:31:56,154 [WARN] PackLoader:240 - Cannot read IP mode file for STMicroelectronics.X-CUBE-FREERTOS.1.3.0
2026-08-15 13:31:56,160 [WARN] PackLoader:240 - Cannot read IP mode file for STMicroelectronics.X-CUBE-NFC7.1.0.1
2026-08-15 13:31:56,168 [WARN] PackLoader:240 - Cannot read IP mode file for STMicroelectronics.X-CUBE-TOUCHGFX.4.26.0
2026-08-15 13:31:56,172 [WARN] PackLoader:240 - Cannot read IP mode file for STMicroelectronics.X-CUBE-TOUCHGFX.4.26.1
2026-08-15 13:31:56,179 [WARN] PackLoader:240 - Cannot read IP mode file for STMicroelectronics.FP-SNS-STAIOTCFT.1.0.0
2026-08-15 13:31:56,185 [WARN] PackLoader:240 - Cannot read IP mode file for STMicroelectronics.X-CUBE-DPower.1.3.0
2026-08-15 13:31:56,220 [WARN] ConditionMgr:438 - getConditionDescription Invalid condition id : LAN8742 Phy interface Condition cause : null
2026-08-15 13:31:56,220 [WARN] PackLoader:240 - Cannot read IP mode file for STMicroelectronics.X-CUBE-AZRTOS-L4.2.0.0
2026-08-15 13:31:56,222 [WARN] ConditionMgr:1044 - genDependencies : Invalid condition id : LAN8742 Phy interface Condition cause : null
2026-08-15 13:31:56,222 [WARN] ConditionMgr:1044 - genDependencies : Invalid condition id : LAN8742 Phy interface Condition cause : null
2026-08-15 13:31:56,222 [WARN] ConditionMgr:1044 - genDependencies : Invalid condition id : LAN8742 Phy interface Condition cause : null
2026-08-15 13:31:56,232 [WARN] PackLoader:240 - Cannot read IP mode file for STMicroelectronics.X-CUBE-SFXS2LP1.4.0.0
2026-08-15 13:31:56,238 [WARN] PackLoader:240 - Cannot read IP mode file for STMicroelectronics.X-CUBE-WB05N.2.1.0
2026-08-15 13:31:56,243 [ERROR] Engine:466 - C:\Users\Admin\.stm32cubemx\thirdparties\pdsc\STMicroelectronics.X-CUBE-ST67W61.1.2.0.pdsc: PDSC version is not supported
2026-08-15 13:31:56,265 [WARN] PackLoader:240 - Cannot read IP mode file for STMicroelectronics.X-CUBE-AZRTOS-H7.3.3.0
2026-08-15 13:31:56,279 [WARN] PackLoader:240 - Cannot read IP mode file for STMicroelectronics.X-CUBE-BLEMGR.4.1.0
2026-08-15 13:31:56,294 [WARN] ConditionMgr:438 - getConditionDescription Invalid condition id : UX DEVICE CLASS RTOS Condition cause : null
2026-08-15 13:31:56,295 [WARN] ConditionMgr:438 - getConditionDescription Invalid condition id : UX DEVICE CLASS RTOS Condition cause : null
2026-08-15 13:31:56,297 [WARN] PackLoader:240 - Cannot read IP mode file for STMicroelectronics.X-CUBE-AZRTOS-WB.2.0.0
2026-08-15 13:31:56,297 [WARN] ConditionMgr:1044 - genDependencies : Invalid condition id : UX DEVICE CLASS RTOS Condition cause : null
2026-08-15 13:31:56,297 [WARN] ConditionMgr:1044 - genDependencies : Invalid condition id : UX DEVICE CLASS RTOS Condition cause : null
2026-08-15 13:31:56,298 [WARN] ConditionMgr:1044 - genDependencies : Invalid condition id : UX DEVICE CLASS RTOS Condition cause : null
2026-08-15 13:31:56,298 [WARN] ConditionMgr:1044 - genDependencies : Invalid condition id : UX DEVICE CLASS RTOS Condition cause : null
2026-08-15 13:31:56,298 [WARN] ConditionMgr:1044 - genDependencies : Invalid condition id : UX DEVICE CLASS RTOS Condition cause : null
2026-08-15 13:31:56,303 [WARN] PackLoader:240 - Cannot read IP mode file for STMicroelectronics.X-CUBE-GNSS1.7.0.1
2026-08-15 13:31:56,307 [WARN] PackLoader:240 - Cannot read IP mode file for STMicroelectronics.X-CUBE-TOUCHGFX.4.25.0
2026-08-15 13:31:56,314 [WARN] PackLoader:240 - Cannot read IP mode file for STMicroelectronics.FP-SNS-STBOX1.2.0.0
2026-08-15 13:31:56,322 [WARN] PackLoader:240 - Cannot read IP mode file for STMicroelectronics.X-CUBE-STSE01.2.0.0
2026-08-15 13:31:56,331 [WARN] PackLoader:240 - Cannot read IP mode file for STMicroelectronics.X-CUBE-SUBG2.5.0.0
2026-08-15 13:31:56,360 [WARN] PackLoader:240 - Cannot read IP mode file for STMicroelectronics.X-CUBE-AZRTOS-H7RS.1.1.0
2026-08-15 13:31:56,369 [WARN] PackLoader:240 - Cannot read IP mode file for Cesanta.I-CUBE-Mongoose.7.13.0
2026-08-15 13:31:56,387 [WARN] PackLoader:240 - Cannot read IP mode file for STMicroelectronics.X-CUBE-AZRTOS-G4.2.0.0
2026-08-15 13:31:56,393 [WARN] PackLoader:240 - Cannot read IP mode file for STMicroelectronics.X-CUBE-NFC7.2.0.0
2026-08-15 13:31:56,407 [WARN] PackLoader:240 - Cannot read IP mode file for STMicroelectronics.X-CUBE-IPS.3.1.0
2026-08-15 13:31:56,415 [ERROR] Engine:466 - C:\Users\Admin\.stm32cubemx\thirdparties\pdsc\STMicroelectronics.X-CUBE-BLEMGR.4.2.0.pdsc: PDSC version is not supported
2026-08-15 13:31:56,419 [WARN] PackLoader:240 - Cannot read IP mode file for STMicroelectronics.X-CUBE-TOUCHGFX.4.24.2
2026-08-15 13:31:56,425 [WARN] PackLoader:240 - Cannot read IP mode file for STMicroelectronics.X-CUBE-STSE01.1.0.0
2026-08-15 13:31:56,433 [WARN] PackLoader:240 - Cannot read IP mode file for portGmbH.I-Cube-SoM-uGOAL.1.1.0
2026-08-15 13:31:56,450 [WARN] PackLoader:240 - Cannot read IP mode file for STMicroelectronics.X-CUBE-AZRTOS-H7RS.1.0.0
2026-08-15 13:31:56,470 [WARN] PackLoader:240 - Cannot read IP mode file for STMicroelectronics.X-CUBE-TOF1.3.4.2
2026-08-15 13:31:56,482 [WARN] PackLoader:240 - Cannot read IP mode file for STMicroelectronics.X-CUBE-TOF1.3.4.3
2026-08-15 13:31:56,489 [INFO] ThirdParty:978 - Integrity check success = true
2026-08-15 13:31:56,489 [INFO] IntegrityCheckThread:100 - exiting critical section [integrity check]
2026-08-15 13:31:56,489 [INFO] IntegrityCheckThread:103 - End integrity checks thread
2026-08-15 13:34:27,266 [ERROR] ConfigurationRetriever:142 - IOException on connection: sw-center.st.com
2026-08-15 13:34:27,267 [ERROR] ConfigurationRetriever:142 - IOException on connection: sw-center.st.com
2026-08-15 13:34:27,267 [ERROR] ConfigurationRetriever:142 - IOException on connection: sw-center.st.com
